"date","value"
19.01.04,3.459
20.01.04,3.4606
21.01.04,3.466
22.01.04,3.474
23.01.04,3.4711
26.01.04,3.474
27.01.04,3.4845
28.01.04,3.4888
29.01.04,3.5035
30.01.04,3.4987
02.02.04,3.5015
03.02.04,3.4965
04.02.04,3.489
05.02.04,3.4931
06.02.04,3.492
09.02.04,3.4896
10.02.04,3.4835
11.02.04,3.4867
12.02.04,3.489
13.02.04,3.4898
16.02.04,3.478
17.02.04,3.4752
18.02.04,3.4705
19.02.04,3.4741
20.02.04,3.4748
23.02.04,3.4746
24.02.04,3.4728
25.02.04,3.4738
26.02.04,3.4732
27.02.04,3.4726
01.03.04,3.4719
02.03.04,3.4745
03.03.04,3.4748
04.03.04,3.4747
05.03.04,3.4735
08.03.04,3.467
09.03.04,3.4656
10.03.04,3.465
11.03.04,3.462
12.03.04,3.461
15.03.04,3.461
16.03.04,3.464
17.03.04,3.466
18.03.04,3.463
19.03.04,3.459
22.03.04,3.458
23.03.04,3.456
24.03.04,3.46
25.03.04,3.46
26.03.04,3.461
29.03.04,3.459
30.03.04,3.46
31.03.04,3.459
01.04.04,3.458
02.04.04,3.456
05.04.04,3.457
06.04.04,3.459
07.04.04,3.463
08.04.04,n.d.
09.04.04,n.d.
12.04.04,3.462
13.04.04,3.464
14.04.04,3.467
15.04.04,3.464
16.04.04,3.466
19.04.04,3.467
20.04.04,3.468
21.04.04,3.472
22.04.04,3.474
23.04.04,3.479
26.04.04,3.484
27.04.04,3.478
28.04.04,3.491
29.04.04,3.481
30.04.04,3.483
03.05.04,3.486
04.05.04,3.483
05.05.04,3.478
06.05.04,3.484
07.05.04,3.486
10.05.04,3.492
11.05.04,3.486
12.05.04,3.488
13.05.04,3.485
14.05.04,3.483
17.05.04,3.483
18.05.04,3.484
19.05.04,3.486
20.05.04,3.49
21.05.04,3.492
24.05.04,3.492
25.05.04,3.491
26.05.04,3.49
27.05.04,3.487
28.05.04,3.487
31.05.04,3.487
01.06.04,3.488
02.06.04,3.485
03.06.04,3.488
04.06.04,3.484
07.06.04,3.482
08.06.04,3.474
09.06.04,3.477
10.06.04,3.476
11.06.04,3.479
14.06.04,3.481
15.06.04,3.475
16.06.04,3.476
17.06.04,3.472
18.06.04,3.471
21.06.04,3.472
22.06.04,3.467
23.06.04,3.469
24.06.04,3.467
25.06.04,3.469
28.06.04,3.471
29.06.04,n.d.
30.06.04,3.467
01.07.04,3.468
02.07.04,3.468
05.07.04,3.468
06.07.04,3.465
07.07.04,3.461
08.07.04,3.456
09.07.04,3.45
12.07.04,3.437
13.07.04,3.437
14.07.04,3.438
15.07.04,3.436
16.07.04,3.426
19.07.04,3.422
20.07.04,3.423
21.07.04,3.425
22.07.04,3.421
23.07.04,3.417
26.07.04,3.425
27.07.04,3.422
28.07.04,n.d.
29.07.04,n.d.
30.07.04,3.417
02.08.04,3.408
03.08.04,3.417
04.08.04,3.419
05.08.04,3.413
06.08.04,3.407
09.08.04,3.41
10.08.04,3.407
11.08.04,3.407
12.08.04,3.408
13.08.04,3.408
16.08.04,3.408
17.08.04,3.402
18.08.04,3.377
19.08.04,3.377
20.08.04,3.38
23.08.04,3.38
24.08.04,3.379
25.08.04,3.376
26.08.04,3.361
27.08.04,3.36
30.08.04,n.d.
31.08.04,3.367
01.09.04,3.371
02.09.04,3.374
03.09.04,3.39
06.09.04,3.376
07.09.04,3.369
08.09.04,3.365
09.09.04,3.368
10.09.04,3.364
13.09.04,3.354
14.09.04,3.348
15.09.04,3.348
16.09.04,3.348
17.09.04,3.35
20.09.04,3.349
21.09.04,3.353
22.09.04,3.35
23.09.04,3.345
24.09.04,3.349
27.09.04,3.35
28.09.04,3.346
29.09.04,3.34
30.09.04,3.339
01.10.04,3.333
04.10.04,3.335
05.10.04,3.334
06.10.04,3.33
07.10.04,3.325
08.10.04,n.d.
11.10.04,3.308
12.10.04,3.308
13.10.04,3.321
14.10.04,3.329
15.10.04,3.314
18.10.04,3.313
19.10.04,3.315
20.10.04,3.315
21.10.04,3.311
22.10.04,3.311
25.10.04,3.318
26.10.04,3.323
27.10.04,3.317
28.10.04,3.325
29.10.04,3.324
01.11.04,n.d.
02.11.04,3.318
03.11.04,3.315
04.11.04,3.312
05.11.04,3.312
08.11.04,3.313
09.11.04,3.306
10.11.04,3.309
11.11.04,3.309
12.11.04,3.302
15.11.04,3.303
16.11.04,3.303
17.11.04,3.306
18.11.04,3.309
19.11.04,3.315
22.11.04,3.313
23.11.04,3.312
24.11.04,3.309
25.11.04,3.306
26.11.04,3.304
29.11.04,3.303
30.11.04,3.304
01.12.04,3.302
02.12.04,3.301
03.12.04,3.298
06.12.04,3.298
07.12.04,3.298
08.12.04,n.d.
09.12.04,3.296
10.12.04,3.29
13.12.04,3.276
14.12.04,3.27
15.12.04,3.266
16.12.04,3.267
17.12.04,3.269
20.12.04,3.264
21.12.04,3.264
22.12.04,3.267
23.12.04,3.268
24.12.04,n.d.
27.12.04,3.271
28.12.04,3.284
29.12.04,3.277
30.12.04,3.284
31.12.04,3.271
03.01.05,3.281
04.01.05,3.275
05.01.05,3.274
06.01.05,3.274
07.01.05,3.274
10.01.05,3.272
11.01.05,3.267
12.01.05,3.265
13.01.05,3.263
14.01.05,3.262
17.01.05,3.262
18.01.05,3.266
19.01.05,3.268
20.01.05,3.266
21.01.05,3.268
24.01.05,3.268
25.01.05,3.265
26.01.05,3.26
27.01.05,3.259
28.01.05,3.259
31.01.05,3.265
01.02.05,3.259
02.02.05,3.259
03.02.05,3.259
04.02.05,3.258
07.02.05,3.263
08.02.05,3.258
09.02.05,3.258
10.02.05,3.258
11.02.05,3.258
14.02.05,3.258
15.02.05,3.259
16.02.05,3.258
17.02.05,3.258
18.02.05,3.258
21.02.05,3.257
22.02.05,3.257
23.02.05,3.255
24.02.05,3.256
25.02.05,3.256
28.02.05,3.256
01.03.05,3.259
02.03.05,3.261
03.03.05,3.261
04.03.05,3.259
07.03.05,3.258
08.03.05,3.257
09.03.05,3.258
10.03.05,3.257
11.03.05,3.256
14.03.05,3.254
15.03.05,3.258
16.03.05,3.258
17.03.05,3.259
18.03.05,3.259
21.03.05,3.259
22.03.05,3.259
23.03.05,3.259
24.03.05,n.d.
25.03.05,n.d.
28.03.05,3.262
29.03.05,3.261
30.03.05,3.26
31.03.05,3.259
01.04.05,3.259
04.04.05,n.d.
05.04.05,3.258
06.04.05,3.258
07.04.05,3.259
08.04.05,3.26
11.04.05,3.26
12.04.05,3.259
13.04.05,3.259
14.04.05,3.258
15.04.05,3.258
18.04.05,3.257
19.04.05,3.258
20.04.05,3.255
21.04.05,3.256
22.04.05,3.256
25.04.05,3.253
26.04.05,3.256
27.04.05,3.257
28.04.05,3.257
29.04.05,3.254
02.05.05,n.d.
03.05.05,3.257
04.05.05,3.257
05.05.05,3.256
06.05.05,3.255
09.05.05,3.254
10.05.05,3.255
11.05.05,3.254
12.05.05,3.254
13.05.05,3.254
16.05.05,3.254
17.05.05,3.252
18.05.05,3.255
19.05.05,3.253
20.05.05,3.254
23.05.05,3.255
24.05.05,3.254
25.05.05,3.254
26.05.05,3.254
27.05.05,3.254
30.05.05,3.254
31.05.05,3.252
01.06.05,3.254
02.06.05,3.254
03.06.05,3.254
06.06.05,3.254
07.06.05,3.253
08.06.05,3.252
09.06.05,3.251
10.06.05,3.25
13.06.05,3.251
14.06.05,3.251
15.06.05,3.25
16.06.05,3.251
17.06.05,3.251
20.06.05,3.252
21.06.05,3.252
22.06.05,3.252
23.06.05,3.254
24.06.05,3.252
27.06.05,3.253
28.06.05,3.254
29.06.05,n.d.
30.06.05,3.253
01.07.05,3.251
04.07.05,3.252
05.07.05,3.252
06.07.05,3.25
07.07.05,3.25
08.07.05,3.25
11.07.05,3.25
12.07.05,3.252
13.07.05,3.252
14.07.05,3.252
15.07.05,3.252
18.07.05,3.252
19.07.05,3.252
20.07.05,3.252
21.07.05,3.252
22.07.05,3.253
25.07.05,3.253
26.07.05,3.254
27.07.05,3.252
28.07.05,n.d.
29.07.05,n.d.
01.08.05,3.253
02.08.05,3.253
03.08.05,3.253
04.08.05,3.253
05.08.05,3.251
08.08.05,3.251
09.08.05,3.252
10.08.05,3.251
11.08.05,3.252
12.08.05,3.253
15.08.05,3.252
16.08.05,3.252
17.08.05,3.254
18.08.05,3.253
19.08.05,3.254
22.08.05,3.256
23.08.05,3.256
24.08.05,3.259
25.08.05,3.265
26.08.05,3.277
29.08.05,3.289
30.08.05,n.d.
31.08.05,3.28
01.09.05,3.285
02.09.05,3.308
05.09.05,3.331
06.09.05,3.298
07.09.05,3.291
08.09.05,3.292
09.09.05,3.286
12.09.05,3.285
13.09.05,3.287
14.09.05,3.289
15.09.05,3.293
16.09.05,3.298
19.09.05,3.297
20.09.05,3.301
21.09.05,3.308
22.09.05,3.317
23.09.05,3.311
26.09.05,3.317
27.09.05,3.321
28.09.05,3.345
29.09.05,3.341
30.09.05,3.341
03.10.05,3.344
04.10.05,3.351
05.10.05,3.364
06.10.05,3.382
07.10.05,3.369
10.10.05,3.359
11.10.05,3.381
12.10.05,3.389
13.10.05,3.396
14.10.05,3.384
17.10.05,3.387
18.10.05,3.386
19.10.05,3.392
20.10.05,3.386
21.10.05,3.392
24.10.05,3.393
25.10.05,3.391
26.10.05,3.385
27.10.05,3.381
28.10.05,3.378
31.10.05,3.374
01.11.05,n.d.
02.11.05,3.362
03.11.05,3.354
04.11.05,3.357
07.11.05,3.355
08.11.05,3.36
09.11.05,3.364
10.11.05,3.357
11.11.05,3.357
14.11.05,3.365
15.11.05,3.357
16.11.05,3.361
17.11.05,3.371
18.11.05,3.382
21.11.05,3.389
22.11.05,3.39
23.11.05,3.389
24.11.05,3.397
25.11.05,3.395
28.11.05,3.415
29.11.05,3.411
30.11.05,3.414
01.12.05,3.412
02.12.05,3.409
05.12.05,3.414
06.12.05,3.41
07.12.05,3.413
08.12.05,n.d.
09.12.05,3.412
12.12.05,3.44
13.12.05,3.435
14.12.05,3.436
15.12.05,3.439
16.12.05,3.439
19.12.05,3.436
20.12.05,3.439
21.12.05,3.428
22.12.05,3.405
23.12.05,3.408
26.12.05,3.41
27.12.05,3.416
28.12.05,3.426
29.12.05,3.427
30.12.05,3.418
02.01.06,3.423
03.01.06,3.434
04.01.06,3.433
05.01.06,3.441
06.01.06,3.441
09.01.06,3.442
10.01.06,3.442
11.01.06,3.444
12.01.06,3.446
13.01.06,3.445
16.01.06,3.429
17.01.06,3.407
18.01.06,3.37
19.01.06,3.358
20.01.06,3.359
23.01.06,3.349
24.01.06,3.334
25.01.06,3.345
26.01.06,3.311
27.01.06,3.318
30.01.06,3.311
31.01.06,3.306
01.02.06,3.307
02.02.06,3.308
03.02.06,3.29
06.02.06,3.289
07.02.06,3.281
08.02.06,3.282
09.02.06,3.291
10.02.06,3.288
13.02.06,3.287
14.02.06,3.29
15.02.06,3.287
16.02.06,3.282
17.02.06,3.283
20.02.06,3.281
21.02.06,3.28
22.02.06,3.279
23.02.06,3.28
24.02.06,3.283
27.02.06,3.286
28.02.06,3.294
01.03.06,3.312
02.03.06,3.346
03.03.06,3.318
06.03.06,3.327
07.03.06,3.338
08.03.06,3.333
09.03.06,3.326
10.03.06,3.326
13.03.06,3.335
14.03.06,3.335
15.03.06,3.325
16.03.06,3.322
17.03.06,3.334
20.03.06,3.353
21.03.06,3.348
22.03.06,3.345
23.03.06,3.364
24.03.06,3.363
27.03.06,3.349
28.03.06,3.33
29.03.06,3.341
30.03.06,3.346
31.03.06,3.367
03.04.06,3.351
04.04.06,3.366
05.04.06,3.367
06.04.06,3.374
07.04.06,3.355
10.04.06,3.325
11.04.06,3.334
12.04.06,3.318
13.04.06,n.d.
14.04.06,n.d.
17.04.06,3.312
18.04.06,3.308
19.04.06,3.314
20.04.06,3.314
21.04.06,3.315
24.04.06,3.32
25.04.06,3.315
26.04.06,3.318
27.04.06,3.318
28.04.06,3.303
01.05.06,n.d.
02.05.06,3.303
03.05.06,3.302
04.05.06,3.284
05.05.06,3.292
08.05.06,3.275
09.05.06,3.282
10.05.06,3.28
11.05.06,3.275
12.05.06,3.27
15.05.06,3.274
16.05.06,3.266
17.05.06,3.258
18.05.06,3.259
19.05.06,3.257
22.05.06,3.264
23.05.06,3.26
24.05.06,3.268
25.05.06,3.263
26.05.06,3.271
29.05.06,3.291
30.05.06,3.298
31.05.06,3.297
01.06.06,3.26
02.06.06,3.268
05.06.06,3.25
06.06.06,3.26
07.06.06,3.259
08.06.06,3.263
09.06.06,3.26
12.06.06,3.262
13.06.06,3.264
14.06.06,3.264
15.06.06,3.263
16.06.06,3.263
19.06.06,3.264
20.06.06,3.263
21.06.06,3.262
22.06.06,3.263
23.06.06,3.269
26.06.06,3.265
27.06.06,3.267
28.06.06,3.262
29.06.06,n.d.
30.06.06,3.262
03.07.06,3.259
04.07.06,3.256
05.07.06,3.257
06.07.06,3.247
07.07.06,3.243
10.07.06,3.239
11.07.06,3.239
12.07.06,3.239
13.07.06,3.24
14.07.06,3.239
17.07.06,3.24
18.07.06,3.24
19.07.06,3.24
20.07.06,3.239
21.07.06,3.241
24.07.06,3.24
25.07.06,3.24
26.07.06,3.24
27.07.06,3.241
28.07.06,n.d.
31.07.06,3.24
01.08.06,3.242
02.08.06,3.242
03.08.06,3.242
04.08.06,3.239
07.08.06,3.231
08.08.06,3.229
09.08.06,3.231
10.08.06,3.232
11.08.06,3.23
14.08.06,3.228
15.08.06,3.227
16.08.06,3.227
17.08.06,3.227
18.08.06,3.229
21.08.06,3.23
22.08.06,3.233
23.08.06,3.235
24.08.06,3.236
25.08.06,3.239
28.08.06,3.245
29.08.06,3.246
30.08.06,n.d.
31.08.06,3.243
01.09.06,3.242
04.09.06,3.243
05.09.06,3.243
06.09.06,3.243
07.09.06,3.245
08.09.06,3.246
11.09.06,3.249
12.09.06,3.252
13.09.06,3.254
14.09.06,3.248
15.09.06,3.245
18.09.06,3.245
19.09.06,3.244
20.09.06,3.245
21.09.06,3.248
22.09.06,3.247
25.09.06,3.249
26.09.06,3.248
27.09.06,3.252
28.09.06,3.253
29.09.06,3.25
02.10.06,3.246
03.10.06,3.247
04.10.06,3.249
05.10.06,3.248
06.10.06,3.247
09.10.06,3.244
10.10.06,3.245
11.10.06,3.244
12.10.06,3.245
13.10.06,3.244
16.10.06,3.243
17.10.06,3.243
18.10.06,3.242
19.10.06,3.236
20.10.06,3.223
23.10.06,3.221
24.10.06,3.223
25.10.06,3.227
26.10.06,3.225
27.10.06,3.21
30.10.06,3.216
31.10.06,3.21
01.11.06,n.d.
02.11.06,3.214
03.11.06,3.218
06.11.06,3.22
07.11.06,3.214
08.11.06,3.215
09.11.06,3.217
10.11.06,3.215
13.11.06,3.221
14.11.06,3.226
15.11.06,3.227
16.11.06,3.226
17.11.06,3.225
20.11.06,3.227
21.11.06,3.229
22.11.06,3.227
23.11.06,3.224
24.11.06,3.223
27.11.06,3.225
28.11.06,3.222
29.11.06,3.223
30.11.06,3.216
01.12.06,3.212
04.12.06,3.214
05.12.06,3.212
06.12.06,3.212
07.12.06,3.209
08.12.06,n.d.
11.12.06,3.21
12.12.06,3.212
13.12.06,3.209
14.12.06,3.207
15.12.06,3.201
18.12.06,3.204
19.12.06,3.201
20.12.06,3.2
21.12.06,3.197
22.12.06,3.198
25.12.06,n.d.
26.12.06,3.196
27.12.06,3.196
28.12.06,3.196
29.12.06,3.195
01.01.07,n.d.
02.01.07,3.191
03.01.07,3.192
04.01.07,3.191
05.01.07,3.192
08.01.07,3.191
09.01.07,3.192
10.01.07,3.193
11.01.07,3.19
12.01.07,3.19
15.01.07,3.19
16.01.07,3.188
17.01.07,3.187
18.01.07,3.186
19.01.07,3.187
22.01.07,3.19
23.01.07,3.19
24.01.07,3.193
25.01.07,3.197
26.01.07,3.197
29.01.07,3.202
30.01.07,3.195
31.01.07,3.198
01.02.07,3.195
02.02.07,3.195
05.02.07,3.194
06.02.07,3.191
07.02.07,3.19
08.02.07,3.189
09.02.07,3.192
12.02.07,3.191
13.02.07,3.189
14.02.07,3.189
15.02.07,3.186
16.02.07,3.186
19.02.07,3.189
20.02.07,3.189
21.02.07,3.188
22.02.07,3.19
23.02.07,3.186
26.02.07,3.188
27.02.07,3.188
28.02.07,3.19
01.03.07,3.187
02.03.07,3.187
05.03.07,3.186
06.03.07,3.187
07.03.07,3.186
08.03.07,3.186
09.03.07,3.186
12.03.07,3.185
13.03.07,3.185
14.03.07,3.185
15.03.07,3.185
16.03.07,3.187
19.03.07,3.186
20.03.07,3.186
21.03.07,3.186
22.03.07,3.185
23.03.07,3.183
26.03.07,3.181
27.03.07,3.183
28.03.07,3.184
29.03.07,3.182
30.03.07,3.182
02.04.07,3.182
03.04.07,3.18
04.04.07,3.181
05.04.07,n.d.
06.04.07,n.d.
09.04.07,3.181
10.04.07,3.18
11.04.07,3.181
12.04.07,3.181
13.04.07,3.18
16.04.07,3.179
17.04.07,3.177
18.04.07,3.178
19.04.07,3.177
20.04.07,3.178
23.04.07,3.177
24.04.07,3.176
25.04.07,3.174
26.04.07,3.172
27.04.07,3.17
30.04.07,3.172
01.05.07,n.d.
02.05.07,3.171
03.05.07,3.168
04.05.07,3.164
07.05.07,3.166
08.05.07,3.165
09.05.07,3.165
10.05.07,3.17
11.05.07,3.169
14.05.07,3.165
15.05.07,3.163
16.05.07,3.164
17.05.07,3.16
18.05.07,3.162
21.05.07,3.164
22.05.07,3.164
23.05.07,3.166
24.05.07,3.169
25.05.07,3.17
28.05.07,3.173
29.05.07,3.175
30.05.07,3.174
31.05.07,3.174
01.06.07,3.17
04.06.07,3.169
05.06.07,3.17
06.06.07,3.169
07.06.07,3.174
08.06.07,3.172
11.06.07,3.169
12.06.07,3.171
13.06.07,3.17
14.06.07,3.169
15.06.07,3.167
18.06.07,3.168
19.06.07,3.166
20.06.07,3.166
21.06.07,3.168
22.06.07,3.169
25.06.07,3.171
26.06.07,3.17
27.06.07,3.169
28.06.07,3.167
29.06.07,n.d.
02.07.07,3.167
03.07.07,3.166
04.07.07,3.165
05.07.07,3.165
06.07.07,3.163
09.07.07,3.161
10.07.07,3.157
11.07.07,3.158
12.07.07,3.158
13.07.07,3.158
16.07.07,3.159
17.07.07,3.158
18.07.07,3.157
19.07.07,3.157
20.07.07,3.157
23.07.07,3.156
24.07.07,3.157
25.07.07,3.158
26.07.07,3.165
27.07.07,3.164
30.07.07,3.162
31.07.07,3.16
01.08.07,3.157
02.08.07,3.158
03.08.07,3.157
06.08.07,3.156
07.08.07,3.152
08.08.07,3.149
09.08.07,3.151
10.08.07,3.149
13.08.07,3.146
14.08.07,3.144
15.08.07,3.145
16.08.07,3.166
17.08.07,3.155
20.08.07,3.159
21.08.07,3.171
22.08.07,3.161
23.08.07,3.165
24.08.07,3.163
27.08.07,3.162
28.08.07,3.165
29.08.07,3.165
30.08.07,n.d.
31.08.07,3.16
03.09.07,3.162
04.09.07,3.161
05.09.07,3.165
06.09.07,3.164
07.09.07,3.161
10.09.07,3.162
11.09.07,3.153
12.09.07,3.152
13.09.07,3.141
14.09.07,3.138
17.09.07,3.137
18.09.07,3.13
19.09.07,3.122
20.09.07,3.119
21.09.07,3.112
24.09.07,3.114
25.09.07,3.11
26.09.07,3.103
27.09.07,3.095
28.09.07,3.082
01.10.07,3.057
02.10.07,3.032
03.10.07,3.029
04.10.07,3.02
05.10.07,3.018
08.10.07,n.d.
09.10.07,3.018
10.10.07,3.014
11.10.07,3.013
12.10.07,3.015
15.10.07,3.016
16.10.07,3.018
17.10.07,3.019
18.10.07,3.019
19.10.07,3.021
22.10.07,3.019
23.10.07,3.019
24.10.07,3.019
25.10.07,3.016
26.10.07,3.014
29.10.07,3.009
30.10.07,2.999
31.10.07,2.999
01.11.07,n.d.
02.11.07,2.998
05.11.07,3.002
06.11.07,3.006
07.11.07,3.003
08.11.07,2.998
09.11.07,2.993
12.11.07,2.992
13.11.07,2.994
14.11.07,2.993
15.11.07,2.995
16.11.07,2.997
19.11.07,2.998
20.11.07,2.998
21.11.07,3.003
22.11.07,3.001
23.11.07,3.009
26.11.07,3.014
27.11.07,3.004
28.11.07,2.998
29.11.07,2.999
30.11.07,2.998
03.12.07,2.999
04.12.07,2.998
05.12.07,2.983
06.12.07,2.978
07.12.07,2.975
10.12.07,2.972
11.12.07,2.968
12.12.07,2.972
13.12.07,2.975
14.12.07,2.974
17.12.07,2.978
18.12.07,2.976
19.12.07,2.975
20.12.07,2.975
21.12.07,2.979
24.12.07,2.978
25.12.07,n.d.
26.12.07,2.984
27.12.07,2.993
28.12.07,2.994
31.12.07,2.995
01.01.08,n.d.
02.01.08,2.977
03.01.08,2.967
04.01.08,2.968
07.01.08,2.966
08.01.08,2.959
09.01.08,2.959
10.01.08,2.958
11.01.08,2.91
14.01.08,2.932
15.01.08,2.94
16.01.08,2.95
17.01.08,2.952
18.01.08,2.945
21.01.08,2.975
22.01.08,2.948
23.01.08,2.951
24.01.08,2.934
25.01.08,2.934
28.01.08,2.937
29.01.08,2.936
30.01.08,2.936
31.01.08,2.925
01.02.08,2.93
04.02.08,2.925
05.02.08,2.923
06.02.08,2.914
07.02.08,2.908
08.02.08,2.91
11.02.08,2.906
12.02.08,2.903
13.02.08,2.9
14.02.08,2.901
15.02.08,2.905
18.02.08,2.901
19.02.08,2.899
20.02.08,2.9
21.02.08,2.897
22.02.08,2.897
25.02.08,2.895
26.02.08,2.893
27.02.08,2.892
28.02.08,2.889
29.02.08,2.889
03.03.08,2.881
04.03.08,2.876
05.03.08,2.867
06.03.08,2.85
07.03.08,2.839
10.03.08,2.82
11.03.08,2.807
12.03.08,2.808
13.03.08,2.811
14.03.08,2.81
17.03.08,2.815
18.03.08,2.798
19.03.08,2.792
20.03.08,n.d.
21.03.08,n.d.
24.03.08,2.79
25.03.08,2.783
26.03.08,2.769
27.03.08,2.747
28.03.08,2.746
31.03.08,2.748
01.04.08,2.729
02.04.08,2.72
03.04.08,2.693
04.04.08,2.697
07.04.08,2.697
08.04.08,2.693
09.04.08,2.705
10.04.08,2.71
11.04.08,2.735
14.04.08,2.713
15.04.08,2.7
16.04.08,2.71
17.04.08,2.713
18.04.08,2.728
21.04.08,2.79
22.04.08,2.785
23.04.08,2.776
24.04.08,2.786
25.04.08,2.832
28.04.08,2.826
29.04.08,2.857
30.04.08,2.81
01.05.08,n.d.
02.05.08,2.783
05.05.08,2.791
06.05.08,2.784
07.05.08,2.752
08.05.08,2.756
09.05.08,2.754
12.05.08,2.764
13.05.08,2.761
14.05.08,2.763
15.05.08,n.d.
16.05.08,n.d.
19.05.08,2.78
20.05.08,2.804
21.05.08,2.804
22.05.08,2.837
23.05.08,2.843
26.05.08,2.849
27.05.08,2.867
28.05.08,2.866
29.05.08,2.839
30.05.08,2.853
02.06.08,2.844
03.06.08,2.819
04.06.08,2.811
05.06.08,2.785
06.06.08,2.8
09.06.08,2.835
10.06.08,2.862
11.06.08,2.901
12.06.08,2.887
13.06.08,2.88
16.06.08,2.889
17.06.08,2.882
18.06.08,2.887
19.06.08,2.919
20.06.08,2.93
23.06.08,2.943
24.06.08,2.962
25.06.08,2.961
26.06.08,2.958
27.06.08,2.965
30.06.08,2.96
01.07.08,2.962
02.07.08,2.943
03.07.08,2.899
04.07.08,2.887
07.07.08,2.84
08.07.08,2.819
09.07.08,2.8
10.07.08,2.81
11.07.08,2.831
14.07.08,2.822
15.07.08,2.836
16.07.08,2.825
17.07.08,2.835
18.07.08,2.841
21.07.08,2.84
22.07.08,2.842
23.07.08,2.825
24.07.08,2.831
25.07.08,2.82
28.07.08,n.d.
29.07.08,n.d.
30.07.08,2.828
31.07.08,2.81
01.08.08,2.794
04.08.08,2.771
05.08.08,2.785
06.08.08,2.784
07.08.08,2.814
08.08.08,2.84
11.08.08,2.916
12.08.08,2.92
13.08.08,2.91
14.08.08,2.922
15.08.08,2.945
18.08.08,2.925
19.08.08,2.916
20.08.08,2.906
21.08.08,2.908
22.08.08,2.916
25.08.08,2.935
26.08.08,2.945
27.08.08,2.946
28.08.08,2.955
29.08.08,2.951
01.09.08,2.947
02.09.08,2.964
03.09.08,2.962
04.09.08,2.967
05.09.08,2.971
08.09.08,2.972
09.09.08,2.973
10.09.08,2.97
11.09.08,2.972
12.09.08,2.96
15.09.08,2.973
16.09.08,2.975
17.09.08,2.976
18.09.08,2.974
19.09.08,2.954
22.09.08,2.937
23.09.08,2.95
24.09.08,2.96
25.09.08,2.955
26.09.08,2.966
29.09.08,2.983
30.09.08,2.982
01.10.08,2.982
02.10.08,3.004
03.10.08,3.006
06.10.08,3.071
07.10.08,3.112
08.10.08,n.d.
09.10.08,3.07
10.10.08,3.073
13.10.08,3.038
14.10.08,3.038
15.10.08,3.055
16.10.08,3.064
17.10.08,3.055
20.10.08,3.044
21.10.08,3.077
22.10.08,3.094
23.10.08,3.095
24.10.08,3.105
27.10.08,3.107
28.10.08,3.099
29.10.08,3.09
30.10.08,3.087
31.10.08,3.077
03.11.08,3.079
04.11.08,3.073
05.11.08,3.074
06.11.08,3.088
07.11.08,3.089
10.11.08,3.088
11.11.08,3.092
12.11.08,3.103
13.11.08,3.1
14.11.08,3.094
17.11.08,3.102
18.11.08,3.102
19.11.08,3.102
20.11.08,n.d.
21.11.08,n.d.
24.11.08,3.095
25.11.08,3.092
26.11.08,3.089
27.11.08,3.093
28.11.08,3.096
01.12.08,3.103
02.12.08,3.113
03.12.08,3.113
04.12.08,3.114
05.12.08,3.121
08.12.08,n.d.
09.12.08,3.115
10.12.08,3.115
11.12.08,3.103
12.12.08,3.11
15.12.08,3.1
16.12.08,3.084
17.12.08,3.068
18.12.08,3.103
19.12.08,3.106
22.12.08,3.12
23.12.08,3.134
24.12.08,3.138
25.12.08,n.d.
26.12.08,n.d.
29.12.08,3.137
30.12.08,3.141
31.12.08,3.133
01.01.09,n.d.
02.01.09,n.d.
05.01.09,3.139
06.01.09,3.135
07.01.09,3.142
08.01.09,3.139
09.01.09,3.133
12.01.09,3.145
13.01.09,3.15
14.01.09,3.151
15.01.09,3.15
16.01.09,3.149
19.01.09,3.155
20.01.09,3.156
21.01.09,3.151
22.01.09,3.156
23.01.09,3.162
26.01.09,3.16
27.01.09,3.162
28.01.09,3.162
29.01.09,3.168
30.01.09,3.181
02.02.09,3.201
03.02.09,3.223
04.02.09,3.235
05.02.09,3.232
06.02.09,3.222
09.02.09,3.225
10.02.09,3.234
11.02.09,3.234
12.02.09,3.235
13.02.09,3.228
16.02.09,3.233
17.02.09,3.242
18.02.09,3.244
19.02.09,3.244
20.02.09,3.249
23.02.09,3.249
24.02.09,3.251
25.02.09,3.245
26.02.09,3.243
27.02.09,3.247
02.03.09,3.257
03.03.09,3.259
04.03.09,3.245
05.03.09,3.248
06.03.09,3.225
09.03.09,3.221
10.03.09,3.183
11.03.09,3.189
12.03.09,3.165
13.03.09,3.173
16.03.09,3.137
17.03.09,3.147
18.03.09,3.137
19.03.09,3.105
20.03.09,3.127
23.03.09,3.122
24.03.09,3.137
25.03.09,3.135
26.03.09,3.126
27.03.09,3.135
30.03.09,3.171
31.03.09,3.153
01.04.09,3.146
02.04.09,3.12
03.04.09,3.112
06.04.09,3.103
07.04.09,3.118
08.04.09,3.109
09.04.09,n.d.
10.04.09,n.d.
13.04.09,3.08
14.04.09,3.096
15.04.09,3.084
16.04.09,3.077
17.04.09,3.08
20.04.09,3.096
21.04.09,3.085
22.04.09,3.085
23.04.09,3.076
24.04.09,3.044
27.04.09,3.061
28.04.09,3.041
29.04.09,3.01
30.04.09,2.981
01.05.09,n.d.
04.05.09,2.975
05.05.09,2.97
06.05.09,2.96
07.05.09,2.962
08.05.09,2.952
11.05.09,2.983
12.05.09,3.001
13.05.09,3.04
14.05.09,3.007
15.05.09,3.022
18.05.09,3.012
19.05.09,3.001
20.05.09,2.984
21.05.09,2.993
22.05.09,3.002
25.05.09,3.007
26.05.09,3.005
27.05.09,3.007
28.05.09,3.007
29.05.09,2.982
01.06.09,2.971
02.06.09,2.961
03.06.09,2.977
04.06.09,2.967
05.06.09,2.967
08.06.09,2.985
09.06.09,2.978
10.06.09,2.98
11.06.09,2.977
12.06.09,2.97
15.06.09,2.984
16.06.09,2.987
17.06.09,2.996
18.06.09,2.989
19.06.09,2.99
22.06.09,3.02
23.06.09,3.023
24.06.09,3.021
25.06.09,3.018
26.06.09,3.005
29.06.09,n.d.
30.06.09,3.006
01.07.09,3.016
02.07.09,3.012
03.07.09,3.015
06.07.09,3.014
07.07.09,3.019
08.07.09,3.028
09.07.09,3.023
10.07.09,3.025
13.07.09,3.024
14.07.09,3.023
15.07.09,3.012
16.07.09,3.011
17.07.09,3.013
20.07.09,3.014
21.07.09,3.008
22.07.09,3.011
23.07.09,2.994
24.07.09,2.995
27.07.09,n.d.
28.07.09,n.d.
29.07.09,n.d.
30.07.09,2.984
31.07.09,2.985
03.08.09,2.968
04.08.09,2.955
05.08.09,2.944
06.08.09,2.954
07.08.09,2.926
10.08.09,2.936
11.08.09,2.943
12.08.09,2.928
13.08.09,2.934
14.08.09,2.946
17.08.09,2.952
18.08.09,2.958
19.08.09,2.963
20.08.09,2.956
21.08.09,2.959
24.08.09,2.966
25.08.09,2.958
26.08.09,2.957
27.08.09,2.935
28.08.09,2.935
31.08.09,2.953
01.09.09,2.952
02.09.09,2.95
03.09.09,2.942
04.09.09,2.931
07.09.09,2.931
08.09.09,2.919
09.09.09,2.926
10.09.09,2.925
11.09.09,2.92
14.09.09,2.921
15.09.09,2.909
16.09.09,2.897
17.09.09,2.895
18.09.09,2.892
21.09.09,2.898
22.09.09,2.875
23.09.09,2.871
24.09.09,2.879
25.09.09,2.881
28.09.09,2.883
29.09.09,2.888
30.09.09,2.881
01.10.09,2.89
02.10.09,2.876
05.10.09,2.865
06.10.09,2.864
07.10.09,2.866
08.10.09,n.d.
09.10.09,n.d.
12.10.09,2.856
13.10.09,2.857
14.10.09,2.856
15.10.09,2.855
16.10.09,2.854
19.10.09,2.852
20.10.09,2.857
21.10.09,2.855
22.10.09,2.861
23.10.09,2.87
26.10.09,2.888
27.10.09,2.889
28.10.09,2.908
29.10.09,2.891
30.10.09,2.908
02.11.09,2.902
03.11.09,2.907
04.11.09,2.9
05.11.09,2.895
06.11.09,2.898
09.11.09,2.886
10.11.09,2.885
11.11.09,2.871
12.11.09,2.877
13.11.09,2.873
16.11.09,2.867
17.11.09,2.865
18.11.09,2.863
19.11.09,2.875
20.11.09,2.88
23.11.09,2.878
24.11.09,2.884
25.11.09,2.882
26.11.09,2.894
27.11.09,2.885
30.11.09,2.88
01.12.09,2.876
02.12.09,2.879
03.12.09,2.873
04.12.09,2.868
07.12.09,2.861
08.12.09,n.d.
09.12.09,2.876
10.12.09,2.871
11.12.09,2.876
14.12.09,2.872
15.12.09,2.871
16.12.09,2.876
17.12.09,2.881
18.12.09,2.883
21.12.09,2.883
22.12.09,2.884
23.12.09,2.883
24.12.09,n.d.
25.12.09,n.d.
28.12.09,2.884
29.12.09,2.885
30.12.09,2.886
31.12.09,n.d.
01.01.10,n.d.
04.01.10,2.873
05.01.10,2.873
06.01.10,2.866
07.01.10,2.861
08.01.10,2.852
11.01.10,2.85
12.01.10,2.848
13.01.10,2.845
14.01.10,2.848
15.01.10,2.854
18.01.10,2.85
19.01.10,2.854
20.01.10,2.853
21.01.10,2.849
22.01.10,2.852
25.01.10,2.851
26.01.10,2.853
27.01.10,2.86
28.01.10,2.86
29.01.10,2.857
01.02.10,2.852
02.02.10,2.85
03.02.10,2.851
04.02.10,2.86
05.02.10,2.867
08.02.10,2.87
09.02.10,2.859
10.02.10,2.855
11.02.10,2.852
12.02.10,2.854
15.02.10,2.853
16.02.10,2.848
17.02.10,2.847
18.02.10,2.85
19.02.10,2.851
22.02.10,2.848
23.02.10,2.85
24.02.10,2.844
25.02.10,2.848
26.02.10,2.846
01.03.10,2.845
02.03.10,2.843
03.03.10,2.843
04.03.10,2.842
05.03.10,2.84
08.03.10,2.839
09.03.10,2.839
10.03.10,2.838
11.03.10,2.838
12.03.10,2.838
15.03.10,2.838
16.03.10,2.837
17.03.10,2.837
18.03.10,2.838
19.03.10,2.837
22.03.10,2.837
23.03.10,2.835
24.03.10,2.836
25.03.10,2.838
26.03.10,2.839
29.03.10,2.839
30.03.10,2.84
31.03.10,2.841
01.04.10,n.d.
02.04.10,n.d.
05.04.10,2.838
06.04.10,2.837
07.04.10,2.837
08.04.10,2.836
09.04.10,2.836
12.04.10,2.835
13.04.10,2.835
14.04.10,2.835
15.04.10,2.835
16.04.10,2.835
19.04.10,2.837
20.04.10,2.837
21.04.10,2.843
22.04.10,2.842
23.04.10,2.843
26.04.10,2.845
27.04.10,2.845
28.04.10,2.847
29.04.10,2.843
30.04.10,2.846
03.05.10,2.845
04.05.10,2.846
05.05.10,2.849
06.05.10,2.854
07.05.10,2.853
10.05.10,2.844
11.05.10,2.842
12.05.10,2.838
13.05.10,2.835
14.05.10,2.839
17.05.10,2.841
18.05.10,2.841
19.05.10,2.845
20.05.10,2.847
21.05.10,2.844
24.05.10,2.845
25.05.10,2.845
26.05.10,2.849
27.05.10,2.846
28.05.10,2.845
31.05.10,2.842
01.06.10,2.844
02.06.10,2.845
03.06.10,2.845
04.06.10,2.85
07.06.10,2.847
08.06.10,2.846
09.06.10,2.846
10.06.10,2.844
11.06.10,2.843
14.06.10,2.842
15.06.10,2.838
16.06.10,2.836
17.06.10,2.833
18.06.10,2.828
21.06.10,2.826
22.06.10,2.826
23.06.10,2.826
24.06.10,2.826
25.06.10,2.826
28.06.10,n.d.
29.06.10,n.d.
30.06.10,2.825
01.07.10,2.825
02.07.10,2.824
05.07.10,2.824
06.07.10,2.824
07.07.10,2.824
08.07.10,2.824
09.07.10,2.824
12.07.10,2.823
13.07.10,2.815
14.07.10,2.821
15.07.10,2.822
16.07.10,2.823
19.07.10,2.824
20.07.10,2.824
21.07.10,2.824
22.07.10,2.823
23.07.10,2.823
26.07.10,2.823
27.07.10,2.822
28.07.10,n.d.
29.07.10,n.d.
30.07.10,n.d.
02.08.10,2.815
03.08.10,2.808
04.08.10,2.802
05.08.10,2.8
06.08.10,2.801
09.08.10,2.802
10.08.10,2.805
11.08.10,2.805
12.08.10,2.805
13.08.10,2.805
16.08.10,2.802
17.08.10,2.799
18.08.10,2.798
19.08.10,2.799
20.08.10,2.8
23.08.10,2.798
24.08.10,2.798
25.08.10,2.797
26.08.10,2.795
27.08.10,2.798
30.08.10,n.d.
31.08.10,2.797
01.09.10,2.795
02.09.10,2.796
03.09.10,2.793
06.09.10,2.793
07.09.10,2.795
08.09.10,2.794
09.09.10,2.792
10.09.10,2.79
13.09.10,2.788
14.09.10,2.788
15.09.10,2.788
16.09.10,2.788
17.09.10,2.792
20.09.10,2.793
21.09.10,2.791
22.09.10,2.789
23.09.10,2.789
24.09.10,2.787
27.09.10,2.789
28.09.10,2.788
29.09.10,2.788
30.09.10,2.787
01.10.10,2.789
04.10.10,2.788
05.10.10,2.789
06.10.10,2.788
07.10.10,2.788
08.10.10,n.d.
11.10.10,2.787
12.10.10,2.788
13.10.10,2.787
14.10.10,2.79
15.10.10,2.793
18.10.10,2.793
19.10.10,2.795
20.10.10,2.791
21.10.10,2.793
22.10.10,2.793
25.10.10,2.792
26.10.10,2.794
27.10.10,2.8
28.10.10,2.796
29.10.10,2.798
01.11.10,n.d.
02.11.10,2.794
03.11.10,2.793
04.11.10,2.792
05.11.10,2.792
08.11.10,2.796
09.11.10,2.799
10.11.10,2.798
11.11.10,2.801
12.11.10,2.802
15.11.10,2.805
16.11.10,2.81
17.11.10,2.808
18.11.10,2.804
19.11.10,2.805
22.11.10,2.809
23.11.10,2.81
24.11.10,2.809
25.11.10,2.811
26.11.10,2.816
29.11.10,2.828
30.11.10,2.831
01.12.10,2.826
02.12.10,2.826
03.12.10,2.821
06.12.10,2.82
07.12.10,2.819
08.12.10,n.d.
09.12.10,2.823
10.12.10,2.827
13.12.10,2.824
14.12.10,2.817
15.12.10,2.817
16.12.10,2.814
17.12.10,2.812
20.12.10,2.807
21.12.10,2.803
22.12.10,2.802
23.12.10,2.798
24.12.10,n.d.
27.12.10,2.801
28.12.10,2.804
29.12.10,2.806
30.12.10,2.806
31.12.10,n.d.
03.01.11,2.801
04.01.11,2.802
05.01.11,2.802
06.01.11,2.803
07.01.11,2.803
10.01.11,2.805
11.01.11,2.797
12.01.11,2.787
13.01.11,2.786
14.01.11,2.787
17.01.11,2.787
18.01.11,2.783
19.01.11,2.77
20.01.11,2.774
21.01.11,2.771
24.01.11,2.771
25.01.11,2.772
26.01.11,2.771
27.01.11,2.772
28.01.11,2.773
31.01.11,2.769
01.02.11,2.766
02.02.11,2.766
03.02.11,2.767
04.02.11,2.768
07.02.11,2.766
08.02.11,2.767
09.02.11,2.768
10.02.11,2.766
11.02.11,2.766
14.02.11,2.767
15.02.11,2.769
16.02.11,2.767
17.02.11,2.766
18.02.11,2.767
21.02.11,2.772
22.02.11,2.78
23.02.11,2.785
24.02.11,2.779
25.02.11,2.776
28.02.11,2.774
01.03.11,2.778
02.03.11,2.772
03.03.11,2.77
04.03.11,2.769
07.03.11,2.769
08.03.11,2.769
09.03.11,2.77
10.03.11,2.768
11.03.11,2.768
14.03.11,2.766
15.03.11,2.768
16.03.11,2.77
17.03.11,2.768
18.03.11,2.768
21.03.11,2.782
22.03.11,2.781
23.03.11,2.777
24.03.11,2.783
25.03.11,2.788
28.03.11,2.813
29.03.11,2.814
30.03.11,2.804
31.03.11,2.805
01.04.11,2.805
04.04.11,2.809
05.04.11,2.808
06.04.11,2.813
07.04.11,2.801
08.04.11,2.797
11.04.11,2.802
12.04.11,2.809
13.04.11,2.819
14.04.11,2.821
15.04.11,2.822
18.04.11,2.822
19.04.11,2.823
20.04.11,2.819
21.04.11,n.d.
22.04.11,n.d.
25.04.11,2.824
26.04.11,2.828
27.04.11,2.83
28.04.11,2.821
29.04.11,2.826
02.05.11,n.d.
03.05.11,2.826
04.05.11,2.819
05.05.11,2.807
06.05.11,2.797
09.05.11,2.792
10.05.11,2.791
11.05.11,2.795
12.05.11,2.769
13.05.11,2.756
16.05.11,2.759
17.05.11,2.756
18.05.11,2.754
19.05.11,2.754
20.05.11,2.757
23.05.11,2.751
24.05.11,2.75
25.05.11,2.747
26.05.11,2.748
27.05.11,2.755
30.05.11,2.774
31.05.11,2.77
01.06.11,2.783
02.06.11,2.756
03.06.11,2.758
06.06.11,2.791
07.06.11,2.787
08.06.11,2.772
09.06.11,2.761
10.06.11,2.761
13.06.11,2.762
14.06.11,2.759
15.06.11,2.761
16.06.11,2.763
17.06.11,2.76
20.06.11,2.758
21.06.11,2.753
22.06.11,2.755
23.06.11,2.758
24.06.11,2.759
27.06.11,2.757
28.06.11,2.753
29.06.11,n.d.
30.06.11,2.749
01.07.11,2.749
04.07.11,2.749
05.07.11,2.75
06.07.11,2.745
07.07.11,2.743
08.07.11,2.742
11.07.11,2.743
12.07.11,2.742
13.07.11,2.742
14.07.11,2.742
15.07.11,2.74
18.07.11,2.737
19.07.11,2.738
20.07.11,2.738
21.07.11,2.736
22.07.11,2.736
25.07.11,2.736
26.07.11,2.736
27.07.11,2.74
28.07.11,n.d.
29.07.11,n.d.
01.08.11,2.743
02.08.11,2.742
03.08.11,2.742
04.08.11,2.741
05.08.11,2.742
08.08.11,2.753
09.08.11,2.748
10.08.11,2.75
11.08.11,2.744
12.08.11,2.742
15.08.11,2.739
16.08.11,2.741
17.08.11,2.736
18.08.11,2.738
19.08.11,2.733
22.08.11,2.732
23.08.11,2.733
24.08.11,2.731
25.08.11,2.731
26.08.11,2.73
29.08.11,n.d.
30.08.11,n.d.
31.08.11,2.726
01.09.11,2.728
02.09.11,2.728
05.09.11,2.732
06.09.11,2.726
07.09.11,2.725
08.09.11,2.724
09.09.11,2.727
12.09.11,2.733
13.09.11,2.73
14.09.11,2.731
15.09.11,2.729
16.09.11,2.733
19.09.11,2.74
20.09.11,2.735
21.09.11,2.758
22.09.11,2.77
23.09.11,2.77
26.09.11,2.77
27.09.11,2.763
28.09.11,2.771
29.09.11,2.77
30.09.11,2.773
03.10.11,2.775
04.10.11,2.777
05.10.11,2.762
06.10.11,2.749
07.10.11,2.743
10.10.11,2.727
11.10.11,2.73
12.10.11,2.728
13.10.11,2.724
14.10.11,2.72
17.10.11,2.722
18.10.11,2.721
19.10.11,2.723
20.10.11,2.725
21.10.11,2.721
24.10.11,2.715
25.10.11,2.716
26.10.11,2.717
27.10.11,2.706
28.10.11,2.707
31.10.11,n.d.
01.11.11,n.d.
02.11.11,2.709
03.11.11,2.704
04.11.11,2.704
07.11.11,2.703
08.11.11,2.703
09.11.11,2.707
10.11.11,2.706
11.11.11,2.702
14.11.11,2.707
15.11.11,2.702
16.11.11,2.701
17.11.11,2.701
18.11.11,2.699
21.11.11,2.701
22.11.11,2.702
23.11.11,2.706
24.11.11,2.707
25.11.11,2.717
28.11.11,2.707
29.11.11,2.707
30.11.11,2.7
01.12.11,2.698
02.12.11,2.697
05.12.11,2.697
06.12.11,2.696
07.12.11,2.695
08.12.11,n.d.
09.12.11,2.695
12.12.11,2.699
13.12.11,2.695
14.12.11,2.696
15.12.11,2.696
16.12.11,2.697
19.12.11,2.694
20.12.11,2.694
21.12.11,2.694
22.12.11,2.692
23.12.11,n.d.
26.12.11,2.694
27.12.11,2.694
28.12.11,2.696
29.12.11,2.696
30.12.11,n.d.
02.01.12,2.697
03.01.12,2.695
04.01.12,2.694
05.01.12,2.693
06.01.12,2.692
09.01.12,2.692
10.01.12,2.692
11.01.12,2.692
12.01.12,2.692
13.01.12,2.694
16.01.12,2.692
17.01.12,2.692
18.01.12,2.692
19.01.12,2.692
20.01.12,2.691
23.01.12,2.691
24.01.12,2.691
25.01.12,2.691
26.01.12,2.69
27.01.12,2.689
30.01.12,2.69
31.01.12,2.689
01.02.12,2.689
02.02.12,2.689
03.02.12,2.688
06.02.12,2.687
07.02.12,2.688
08.02.12,2.687
09.02.12,2.684
10.02.12,2.686
13.02.12,2.684
14.02.12,2.686
15.02.12,2.683
16.02.12,2.682
17.02.12,2.681
20.02.12,2.68
21.02.12,2.68
22.02.12,2.68
23.02.12,2.679
24.02.12,2.679
27.02.12,2.677
28.02.12,2.676
29.02.12,2.673
01.03.12,2.675
02.03.12,2.674
05.03.12,2.673
06.03.12,2.675
07.03.12,2.672
08.03.12,2.67
09.03.12,2.669
12.03.12,2.67
13.03.12,2.669
14.03.12,2.67
15.03.12,2.672
16.03.12,2.67
19.03.12,2.671
20.03.12,2.671
21.03.12,2.67
22.03.12,2.668
23.03.12,2.669
26.03.12,2.67
27.03.12,2.668
28.03.12,2.668
29.03.12,2.667
30.03.12,2.668
02.04.12,2.667
03.04.12,2.666
04.04.12,2.666
05.04.12,n.d.
06.04.12,n.d.
09.04.12,2.665
10.04.12,2.665
11.04.12,2.661
12.04.12,2.658
13.04.12,2.657
16.04.12,2.656
17.04.12,2.655
18.04.12,2.654
19.04.12,2.653
20.04.12,2.651
23.04.12,2.651
24.04.12,2.65
25.04.12,2.647
26.04.12,2.642
27.04.12,2.638
30.04.12,n.d.
01.05.12,n.d.
02.05.12,2.639
03.05.12,2.64
04.05.12,2.641
07.05.12,2.641
08.05.12,2.642
09.05.12,2.647
10.05.12,2.651
11.05.12,2.655
14.05.12,2.668
15.05.12,2.667
16.05.12,2.672
17.05.12,2.668
18.05.12,2.669
21.05.12,2.67
22.05.12,2.675
23.05.12,2.696
24.05.12,2.696
25.05.12,2.695
28.05.12,2.698
29.05.12,2.7
30.05.12,2.705
31.05.12,2.709
01.06.12,2.706
04.06.12,2.705
05.06.12,2.694
06.06.12,2.686
07.06.12,2.681
08.06.12,2.678
11.06.12,2.683
12.06.12,2.68
13.06.12,2.677
14.06.12,2.668
15.06.12,2.65
18.06.12,2.643
19.06.12,2.636
20.06.12,2.646
21.06.12,2.654
22.06.12,2.65
25.06.12,2.661
26.06.12,2.661
27.06.12,2.666
28.06.12,2.664
29.06.12,n.d.
02.07.12,2.652
03.07.12,2.642
04.07.12,2.646
05.07.12,2.647
06.07.12,2.645
09.07.12,2.637
10.07.12,2.631
11.07.12,2.635
12.07.12,2.629
13.07.12,2.623
16.07.12,2.621
17.07.12,2.62
18.07.12,2.621
19.07.12,2.621
20.07.12,2.639
23.07.12,2.633
24.07.12,2.641
25.07.12,2.637
26.07.12,2.624
27.07.12,n.d.
30.07.12,2.628
31.07.12,2.625
01.08.12,2.626
02.08.12,2.625
03.08.12,2.621
06.08.12,2.621
07.08.12,2.616
08.08.12,2.616
09.08.12,2.616
10.08.12,2.616
13.08.12,2.616
14.08.12,2.615
15.08.12,2.615
16.08.12,2.612
17.08.12,2.612
20.08.12,2.612
21.08.12,2.612
22.08.12,2.614
23.08.12,2.614
24.08.12,2.612
27.08.12,2.61
28.08.12,2.61
29.08.12,2.61
30.08.12,n.d.
31.08.12,n.d.
03.09.12,2.607
04.09.12,2.61
05.09.12,2.611
06.09.12,2.608
07.09.12,2.608
10.09.12,2.608
11.09.12,2.605
12.09.12,2.604
13.09.12,2.597
14.09.12,2.594
17.09.12,2.602
18.09.12,2.602
19.09.12,2.6
20.09.12,2.602
21.09.12,2.598
24.09.12,2.596
25.09.12,2.596
26.09.12,2.594
27.09.12,2.596
28.09.12,2.598
01.10.12,n.d.
02.10.12,n.d.
03.10.12,2.598
04.10.12,2.593
05.10.12,2.589
08.10.12,n.d.
09.10.12,2.584
10.10.12,2.585
11.10.12,2.586
12.10.12,2.585
15.10.12,2.581
16.10.12,2.582
17.10.12,2.578
18.10.12,2.577
19.10.12,2.578
22.10.12,2.578
23.10.12,2.582
24.10.12,2.583
25.10.12,2.589
26.10.12,2.598
29.10.12,2.602
30.10.12,2.594
31.10.12,2.596
01.11.12,n.d.
02.11.12,n.d.
05.11.12,2.609
06.11.12,2.598
07.11.12,2.607
08.11.12,2.608
09.11.12,2.612
12.11.12,2.612
13.11.12,2.605
14.11.12,2.604
15.11.12,2.603
16.11.12,2.607
19.11.12,2.597
20.11.12,2.599
21.11.12,2.593
22.11.12,2.587
23.11.12,2.588
26.11.12,2.588
27.11.12,2.586
28.11.12,2.585
29.11.12,2.576
30.11.12,2.578
03.12.12,2.58
04.12.12,2.58
05.12.12,2.579
06.12.12,2.575
07.12.12,2.572
10.12.12,2.571
11.12.12,2.571
12.12.12,2.565
13.12.12,2.565
14.12.12,2.56
17.12.12,2.561
18.12.12,2.565
19.12.12,2.561
20.12.12,2.561
21.12.12,2.558
24.12.12,n.d.
25.12.12,n.d.
26.12.12,2.552
27.12.12,2.546
28.12.12,2.552
31.12.12,n.d.
01.01.13,n.d.
02.01.13,2.552
03.01.13,2.548
04.01.13,2.545
07.01.13,2.545
08.01.13,2.547
09.01.13,2.55
10.01.13,2.55
11.01.13,2.543
14.01.13,2.537
15.01.13,2.541
16.01.13,2.547
17.01.13,2.548
18.01.13,2.551
21.01.13,2.552
22.01.13,2.553
23.01.13,2.553
24.01.13,2.555
25.01.13,2.558
28.01.13,2.56
29.01.13,2.561
30.01.13,2.567
31.01.13,2.575
01.02.13,2.576
04.02.13,2.577
05.02.13,2.577
06.02.13,2.577
07.02.13,2.578
08.02.13,2.579
11.02.13,n.d.
12.02.13,2.571
13.02.13,2.569
14.02.13,2.567
15.02.13,2.574
18.02.13,2.578
19.02.13,2.581
20.02.13,2.582
21.02.13,2.589
22.02.13,2.581
25.02.13,2.583
26.02.13,2.584
27.02.13,2.581
28.02.13,2.589
01.03.13,2.594
04.03.13,2.596
05.03.13,2.595
06.03.13,2.608
07.03.13,2.601
08.03.13,2.596
11.03.13,2.595
12.03.13,2.594
13.03.13,2.594
14.03.13,2.593
15.03.13,2.592
18.03.13,2.597
19.03.13,2.594
20.03.13,2.591
21.03.13,2.591
22.03.13,2.59
25.03.13,2.582
26.03.13,2.586
27.03.13,2.59
28.03.13,n.d.
29.03.13,n.d.
01.04.13,2.589
02.04.13,2.586
03.04.13,2.584
04.04.13,2.584
05.04.13,2.581
08.04.13,2.576
09.04.13,2.577
10.04.13,2.578
11.04.13,2.582
12.04.13,2.587
15.04.13,2.59
16.04.13,2.587
17.04.13,2.592
18.04.13,2.592
19.04.13,2.592
22.04.13,2.603
23.04.13,2.611
24.04.13,2.625
25.04.13,2.618
26.04.13,2.638
29.04.13,2.64
30.04.13,2.643
01.05.13,n.d.
02.05.13,2.648
03.05.13,2.627
06.05.13,2.613
07.05.13,2.614
08.05.13,2.614
09.05.13,2.6
10.05.13,2.601
13.05.13,2.599
14.05.13,2.602
15.05.13,2.628
16.05.13,2.636
17.05.13,2.643
20.05.13,2.642
21.05.13,2.647
22.05.13,2.669
23.05.13,2.664
24.05.13,2.686
27.05.13,2.678
28.05.13,2.681
29.05.13,2.7
30.05.13,2.725
31.05.13,2.735
03.06.13,2.724
04.06.13,2.705
05.06.13,2.717
06.06.13,2.734
07.06.13,2.724
10.06.13,2.755
11.06.13,2.745
12.06.13,2.732
13.06.13,2.73
14.06.13,2.723
17.06.13,2.744
18.06.13,2.745
19.06.13,2.742
20.06.13,2.79
21.06.13,2.78
24.06.13,2.782
25.06.13,2.784
26.06.13,2.783
27.06.13,2.778
28.06.13,n.d.
01.07.13,2.782
02.07.13,2.783
03.07.13,2.783
04.07.13,2.782
05.07.13,2.79
08.07.13,2.77
09.07.13,2.775
10.07.13,2.778
11.07.13,2.77
12.07.13,2.771
15.07.13,2.764
16.07.13,2.762
17.07.13,2.758
18.07.13,2.768
19.07.13,2.769
22.07.13,2.78
23.07.13,2.778
24.07.13,2.787
25.07.13,2.785
26.07.13,2.783
29.07.13,n.d.
30.07.13,n.d.
31.07.13,2.794
01.08.13,2.794
02.08.13,2.787
05.08.13,2.791
06.08.13,2.796
07.08.13,2.795
08.08.13,2.789
09.08.13,2.795
12.08.13,2.795
13.08.13,2.795
14.08.13,2.796
15.08.13,2.796
16.08.13,2.796
19.08.13,2.807
20.08.13,2.814
21.08.13,2.813
22.08.13,2.81
23.08.13,2.811
26.08.13,2.81
27.08.13,2.812
28.08.13,2.802
29.08.13,2.807
30.08.13,n.d.
02.09.13,2.808
03.09.13,2.808
04.09.13,2.807
05.09.13,2.809
06.09.13,2.805
09.09.13,2.796
10.09.13,2.793
11.09.13,2.773
12.09.13,2.769
13.09.13,2.773
16.09.13,2.769
17.09.13,2.77
18.09.13,2.751
19.09.13,2.733
20.09.13,2.749
23.09.13,2.747
24.09.13,2.76
25.09.13,2.763
26.09.13,2.769
27.09.13,2.78
30.09.13,2.785
01.10.13,2.782
02.10.13,2.778
03.10.13,2.777
04.10.13,2.777
07.10.13,n.d.
08.10.13,n.d.
09.10.13,2.79
10.10.13,2.77
11.10.13,2.766
14.10.13,2.769
15.10.13,2.769
16.10.13,2.761
17.10.13,2.757
18.10.13,2.767
21.10.13,2.774
22.10.13,2.754
23.10.13,2.765
24.10.13,2.761
25.10.13,2.759
28.10.13,2.756
29.10.13,2.764
30.10.13,2.758
31.10.13,2.773
01.11.13,n.d.
04.11.13,2.78
05.11.13,2.792
06.11.13,2.79
07.11.13,2.794
08.11.13,2.8
11.11.13,2.8
12.11.13,2.8
13.11.13,2.8
14.11.13,2.798
15.11.13,2.8
18.11.13,2.801
19.11.13,2.801
20.11.13,2.801
21.11.13,2.802
22.11.13,2.802
25.11.13,2.803
26.11.13,2.802
27.11.13,2.802
28.11.13,2.802
29.11.13,2.798
02.12.13,2.803
03.12.13,2.804
04.12.13,2.803
05.12.13,2.802
06.12.13,2.793
09.12.13,2.79
10.12.13,2.792
11.12.13,2.791
12.12.13,2.777
13.12.13,2.767
16.12.13,2.757
17.12.13,2.773
18.12.13,2.783
19.12.13,2.769
20.12.13,2.763
23.12.13,2.776
24.12.13,2.785
25.12.13,n.d.
26.12.13,2.785
27.12.13,2.793
30.12.13,2.798
31.12.13,n.d.
01.01.14,n.d.
02.01.14,2.806
03.01.14,2.806
06.01.14,2.802
07.01.14,2.802
08.01.14,2.804
09.01.14,2.803
10.01.14,2.798
13.01.14,2.798
14.01.14,2.801
15.01.14,2.807
16.01.14,2.808
17.01.14,2.806
20.01.14,2.811
21.01.14,2.808
22.01.14,2.808
23.01.14,2.812
24.01.14,2.822
27.01.14,2.822
28.01.14,2.822
29.01.14,2.822
30.01.14,2.817
31.01.14,2.822
03.02.14,2.824
04.02.14,2.823
05.02.14,2.824
06.02.14,2.821
07.02.14,2.817
10.02.14,2.818
11.02.14,2.816
12.02.14,2.814
13.02.14,2.816
14.02.14,2.807
17.02.14,2.803
18.02.14,2.805
19.02.14,2.808
20.02.14,2.807
21.02.14,2.805
24.02.14,2.806
25.02.14,2.807
26.02.14,2.808
27.02.14,2.799
28.02.14,2.798
03.03.14,2.805
04.03.14,2.797
05.03.14,2.8
06.03.14,2.8
07.03.14,2.802
10.03.14,2.802
11.03.14,2.802
12.03.14,2.806
13.03.14,2.803
14.03.14,2.804
17.03.14,2.809
18.03.14,2.813
19.03.14,2.812
20.03.14,2.815
21.03.14,2.809
24.03.14,2.811
25.03.14,2.813
26.03.14,2.811
27.03.14,2.811
28.03.14,2.808
31.03.14,2.808
01.04.14,2.805
02.04.14,2.809
03.04.14,2.813
04.04.14,2.808
07.04.14,2.798
08.04.14,2.791
09.04.14,2.791
10.04.14,2.78
11.04.14,2.782
14.04.14,2.766
15.04.14,2.778
16.04.14,2.772
17.04.14,n.d.
18.04.14,n.d.
21.04.14,2.777
22.04.14,2.783
23.04.14,2.786
24.04.14,2.798
25.04.14,2.802
28.04.14,2.81
29.04.14,2.807
30.04.14,2.807
01.05.14,n.d.
02.05.14,2.802
05.05.14,2.803
06.05.14,2.801
07.05.14,2.798
08.05.14,2.781
09.05.14,2.788
12.05.14,2.786
13.05.14,2.782
14.05.14,2.782
15.05.14,2.785
16.05.14,2.789
19.05.14,2.788
20.05.14,2.79
21.05.14,2.789
22.05.14,2.787
23.05.14,2.787
26.05.14,2.788
27.05.14,2.783
28.05.14,2.769
29.05.14,2.764
30.05.14,2.765
02.06.14,2.776
03.06.14,2.782
04.06.14,2.785
05.06.14,2.784
06.06.14,2.784
09.06.14,2.785
10.06.14,2.793
11.06.14,2.798
12.06.14,2.795
13.06.14,2.791
16.06.14,2.796
17.06.14,2.803
18.06.14,2.799
19.06.14,2.803
20.06.14,2.805
23.06.14,2.802
24.06.14,2.804
25.06.14,2.805
26.06.14,2.803
27.06.14,2.794
30.06.14,2.798
01.07.14,2.796
02.07.14,2.789
03.07.14,2.776
04.07.14,2.768
07.07.14,2.776
08.07.14,2.786
09.07.14,2.78
10.07.14,2.779
11.07.14,2.787
14.07.14,2.781
15.07.14,2.782
16.07.14,2.785
17.07.14,2.788
18.07.14,2.791
21.07.14,2.79
22.07.14,2.789
23.07.14,2.786
24.07.14,2.785
25.07.14,2.785
28.07.14,n.d.
29.07.14,n.d.
30.07.14,2.789
31.07.14,2.8
01.08.14,2.797
04.08.14,2.807
05.08.14,2.814
06.08.14,2.808
07.08.14,2.813
08.08.14,2.793
11.08.14,2.79
12.08.14,2.79
13.08.14,2.793
14.08.14,2.794
15.08.14,2.802
18.08.14,2.815
19.08.14,2.825
20.08.14,2.827
21.08.14,2.821
22.08.14,2.832
25.08.14,2.835
26.08.14,2.837
27.08.14,2.846
28.08.14,2.843
29.08.14,2.844
01.09.14,2.854
02.09.14,2.849
03.09.14,2.853
04.09.14,2.854
05.09.14,2.85
08.09.14,2.855
09.09.14,2.857
10.09.14,2.854
11.09.14,2.857
12.09.14,2.861
15.09.14,2.863
16.09.14,2.856
17.09.14,2.859
18.09.14,2.862
19.09.14,2.867
22.09.14,2.872
23.09.14,2.875
24.09.14,2.87
25.09.14,2.886
26.09.14,2.887
29.09.14,2.895
30.09.14,2.89
01.10.14,2.893
02.10.14,2.901
03.10.14,2.902
06.10.14,2.903
07.10.14,2.905
08.10.14,n.d.
09.10.14,2.905
10.10.14,2.904
13.10.14,2.905
14.10.14,2.904
15.10.14,2.907
16.10.14,2.904
17.10.14,2.903
20.10.14,2.902
21.10.14,2.901
22.10.14,2.907
23.10.14,2.907
24.10.14,2.911
27.10.14,2.916
28.10.14,2.915
29.10.14,2.915
30.10.14,2.918
31.10.14,2.921
03.11.14,2.924
04.11.14,2.927
05.11.14,2.927
06.11.14,2.93
07.11.14,2.927
10.11.14,2.929
11.11.14,2.932
12.11.14,2.933
13.11.14,2.933
14.11.14,2.932
17.11.14,2.93
18.11.14,2.927
19.11.14,2.925
20.11.14,2.923
21.11.14,2.91
24.11.14,2.915
25.11.14,2.914
26.11.14,2.911
27.11.14,2.912
28.11.14,2.923
01.12.14,2.932
02.12.14,2.944
03.12.14,2.944
04.12.14,2.947
05.12.14,2.955
08.12.14,n.d.
09.12.14,2.959
10.12.14,2.963
11.12.14,2.968
12.12.14,2.962
15.12.14,2.966
16.12.14,2.97
17.12.14,2.952
18.12.14,2.939
19.12.14,2.966
22.12.14,2.97
23.12.14,2.975
24.12.14,2.974
25.12.14,n.d.
26.12.14,2.978
29.12.14,2.988
30.12.14,2.993
31.12.14,2.979
01.01.15,n.d.
02.01.15,n.d.
05.01.15,2.989
06.01.15,2.989
07.01.15,2.99
08.01.15,2.982
09.01.15,2.987
12.01.15,2.981
13.01.15,2.988
14.01.15,2.996
15.01.15,3.002
16.01.15,3.014
19.01.15,3.01
20.01.15,3.01
21.01.15,3.007
22.01.15,3.005
23.01.15,3.018
26.01.15,3.025
27.01.15,3.023
28.01.15,3.032
29.01.15,3.042
30.01.15,3.058
02.02.15,3.062
03.02.15,3.055
04.02.15,3.06
05.02.15,3.057
06.02.15,3.069
09.02.15,3.066
10.02.15,3.084
11.02.15,3.083
12.02.15,3.068
13.02.15,3.081
16.02.15,3.085
17.02.15,3.083
18.02.15,3.085
19.02.15,3.085
20.02.15,3.084
23.02.15,3.092
24.02.15,3.092
25.02.15,3.092
26.02.15,3.092
27.02.15,3.092
02.03.15,3.093
03.03.15,3.091
04.03.15,3.093
05.03.15,3.094
06.03.15,3.095
09.03.15,3.096
10.03.15,3.098
11.03.15,3.096
12.03.15,3.099
13.03.15,3.096
16.03.15,3.096
17.03.15,3.098
18.03.15,3.093
19.03.15,3.099
20.03.15,3.083
23.03.15,3.075
24.03.15,3.068
25.03.15,3.076
26.03.15,3.081
27.03.15,3.092
30.03.15,3.096
31.03.15,3.096
01.04.15,3.097
02.04.15,n.d.
03.04.15,n.d.
06.04.15,3.093
07.04.15,3.099
08.04.15,3.103
09.04.15,3.116
10.04.15,3.119
13.04.15,3.123
14.04.15,3.12
15.04.15,3.124
16.04.15,3.124
17.04.15,3.123
20.04.15,3.127
21.04.15,3.131
22.04.15,3.13
23.04.15,3.133
24.04.15,3.134
27.04.15,3.134
28.04.15,3.124
29.04.15,3.12
30.04.15,3.13
01.05.15,n.d.
04.05.15,3.147
05.05.15,3.148
06.05.15,3.15
07.05.15,3.15
08.05.15,3.144
11.05.15,3.152
12.05.15,3.152
13.05.15,3.151
14.05.15,3.148
15.05.15,3.145
18.05.15,3.151
19.05.15,3.155
20.05.15,3.152
21.05.15,3.145
22.05.15,3.147
25.05.15,3.151
26.05.15,3.152
27.05.15,3.154
28.05.15,3.156
29.05.15,3.156
01.06.15,3.157
02.06.15,3.157
03.06.15,3.15
04.06.15,3.143
05.06.15,3.154
08.06.15,3.155
09.06.15,3.154
10.06.15,3.154
11.06.15,3.153
12.06.15,3.155
15.06.15,3.16
16.06.15,3.162
17.06.15,3.163
18.06.15,3.164
19.06.15,3.168
22.06.15,3.172
23.06.15,3.18
24.06.15,3.172
25.06.15,3.169
26.06.15,3.172
29.06.15,n.d.
30.06.15,3.179
01.07.15,3.177
02.07.15,3.171
03.07.15,3.176
06.07.15,3.176
07.07.15,3.184
08.07.15,3.182
09.07.15,3.18
10.07.15,3.176
13.07.15,3.178
14.07.15,3.179
15.07.15,3.179
16.07.15,3.176
17.07.15,3.182
20.07.15,3.181
21.07.15,3.18
22.07.15,3.188
23.07.15,3.188
24.07.15,3.184
27.07.15,n.d.
28.07.15,n.d.
29.07.15,n.d.
30.07.15,3.193
31.07.15,3.19
03.08.15,3.194
04.08.15,3.194
05.08.15,3.201
06.08.15,3.203
07.08.15,3.202
10.08.15,3.204
11.08.15,3.218
12.08.15,3.224
13.08.15,3.238
14.08.15,3.239
17.08.15,3.243
18.08.15,3.249
19.08.15,3.255
20.08.15,3.259
21.08.15,3.269
24.08.15,3.276
25.08.15,3.288
26.08.15,3.305
27.08.15,3.275
28.08.15,3.225
31.08.15,3.236
01.09.15,3.25
02.09.15,3.253
03.09.15,3.203
04.09.15,3.214
07.09.15,3.227
08.09.15,3.227
09.09.15,3.223
10.09.15,3.214
11.09.15,3.208
14.09.15,3.21
15.09.15,3.211
16.09.15,3.198
17.09.15,3.183
18.09.15,3.19
21.09.15,3.196
22.09.15,3.214
23.09.15,3.223
24.09.15,3.211
25.09.15,3.222
28.09.15,3.235
29.09.15,3.234
30.09.15,3.232
01.10.15,3.232
02.10.15,3.223
05.10.15,3.221
06.10.15,3.223
07.10.15,3.223
08.10.15,n.d.
09.10.15,n.d.
12.10.15,3.227
13.10.15,3.24
14.10.15,3.239
15.10.15,3.233
16.10.15,3.246
19.10.15,3.251
20.10.15,3.256
21.10.15,3.259
22.10.15,3.26
23.10.15,3.268
26.10.15,3.273
27.10.15,3.279
28.10.15,3.282
29.10.15,3.287
30.10.15,3.286
02.11.15,3.287
03.11.15,3.284
04.11.15,3.296
05.11.15,3.302
06.11.15,3.312
09.11.15,3.312
10.11.15,3.315
11.11.15,3.313
12.11.15,3.323
13.11.15,3.336
16.11.15,3.345
17.11.15,3.347
18.11.15,3.358
19.11.15,3.355
20.11.15,3.362
23.11.15,3.379
24.11.15,3.373
25.11.15,3.378
26.11.15,3.376
27.11.15,3.372
30.11.15,3.375
01.12.15,3.372
02.12.15,3.369
03.12.15,3.369
04.12.15,3.368
07.12.15,3.376
08.12.15,n.d.
09.12.15,3.373
10.12.15,3.374
11.12.15,3.379
14.12.15,3.374
15.12.15,3.373
16.12.15,3.368
17.12.15,3.378
18.12.15,3.377
21.12.15,3.386
22.12.15,3.392
23.12.15,3.395
24.12.15,3.391
25.12.15,n.d.
28.12.15,3.404
29.12.15,3.406
30.12.15,3.409
31.12.15,3.414
01.01.16,n.d.
04.01.16,3.422
05.01.16,3.412
06.01.16,3.415
07.01.16,3.423
08.01.16,3.425
11.01.16,3.426
12.01.16,3.423
13.01.16,3.427
14.01.16,3.422
15.01.16,3.429
18.01.16,3.433
19.01.16,3.438
20.01.16,3.445
21.01.16,3.447
22.01.16,3.447
25.01.16,3.464
26.01.16,3.463
27.01.16,3.464
28.01.16,3.465
29.01.16,3.472
01.02.16,3.482
02.02.16,3.494
03.02.16,3.49
04.02.16,3.476
05.02.16,3.48
08.02.16,3.494
09.02.16,3.502
10.02.16,3.507
11.02.16,3.514
12.02.16,3.506
15.02.16,3.499
16.02.16,3.511
17.02.16,3.503
18.02.16,3.507
19.02.16,3.515
22.02.16,3.519
23.02.16,3.53
24.02.16,3.529
25.02.16,3.527
26.02.16,3.524
29.02.16,3.522
01.03.16,3.517
02.03.16,3.492
03.03.16,3.462
04.03.16,3.456
07.03.16,3.452
08.03.16,3.463
09.03.16,3.438
10.03.16,3.425
11.03.16,3.358
14.03.16,3.332
15.03.16,3.354
16.03.16,3.379
17.03.16,3.368
18.03.16,3.379
21.03.16,3.409
22.03.16,3.407
23.03.16,3.381
24.03.16,n.d.
25.03.16,n.d.
28.03.16,3.365
29.03.16,3.374
30.03.16,3.366
31.03.16,3.308
01.04.16,3.341
04.04.16,3.35
05.04.16,3.37
06.04.16,3.386
07.04.16,3.392
08.04.16,3.37
11.04.16,3.28
12.04.16,3.265
13.04.16,3.269
14.04.16,3.273
15.04.16,3.275
18.04.16,3.271
19.04.16,3.249
20.04.16,3.242
21.04.16,3.267
22.04.16,3.269
25.04.16,3.289
26.04.16,3.283
27.04.16,3.285
28.04.16,3.276
29.04.16,3.287
02.05.16,3.302
03.05.16,3.332
04.05.16,3.33
05.05.16,3.319
06.05.16,3.31
09.05.16,3.335
10.05.16,3.334
11.05.16,3.329
12.05.16,3.326
13.05.16,3.336
16.05.16,3.33
17.05.16,3.311
18.05.16,3.326
19.05.16,3.342
20.05.16,3.332
23.05.16,3.344
24.05.16,3.346
25.05.16,3.339
26.05.16,3.344
27.05.16,3.35
30.05.16,3.364
31.05.16,3.376
01.06.16,3.365
02.06.16,3.371
03.06.16,3.335
06.06.16,3.311
07.06.16,3.301
08.06.16,3.297
09.06.16,3.308
10.06.16,3.329
13.06.16,3.323
14.06.16,3.338
15.06.16,3.31
16.06.16,3.333
17.06.16,3.317
20.06.16,3.288
21.06.16,3.287
22.06.16,3.286
23.06.16,3.284
24.06.16,3.31
27.06.16,3.323
28.06.16,3.302
29.06.16,n.d.
30.06.16,3.283
01.07.16,3.286
04.07.16,3.284
05.07.16,3.284
06.07.16,3.281
07.07.16,3.282
08.07.16,3.282
11.07.16,3.28
12.07.16,3.281
13.07.16,3.28
14.07.16,3.279
15.07.16,3.278
18.07.16,3.283
19.07.16,3.301
20.07.16,3.315
21.07.16,3.327
22.07.16,3.321
25.07.16,3.37
26.07.16,3.357
27.07.16,3.351
28.07.16,n.d.
29.07.16,n.d.
01.08.16,3.345
02.08.16,3.349
03.08.16,3.349
04.08.16,3.332
05.08.16,3.331
08.08.16,3.313
09.08.16,3.307
10.08.16,3.307
11.08.16,3.306
12.08.16,3.314
15.08.16,3.308
16.08.16,3.307
17.08.16,3.31
18.08.16,3.304
19.08.16,3.32
22.08.16,3.35
23.08.16,3.361
24.08.16,3.352
25.08.16,3.348
26.08.16,3.353
29.08.16,3.377
30.08.16,n.d.
31.08.16,3.39
01.09.16,3.394
02.09.16,3.383
05.09.16,3.397
06.09.16,3.362
07.09.16,3.362
08.09.16,3.365
09.09.16,3.394
12.09.16,3.397
13.09.16,3.405
14.09.16,3.393
15.09.16,3.384
16.09.16,3.393
19.09.16,3.388
20.09.16,3.389
21.09.16,3.367
22.09.16,3.343
23.09.16,3.356
26.09.16,3.367
27.09.16,3.365
28.09.16,3.372
29.09.16,3.393
30.09.16,3.381
03.10.16,3.381
04.10.16,3.401
05.10.16,3.401
06.10.16,3.408
07.10.16,3.402
10.10.16,3.394
11.10.16,3.403
12.10.16,3.4
13.10.16,3.405
14.10.16,3.401
17.10.16,3.396
18.10.16,3.382
19.10.16,3.381
20.10.16,3.375
21.10.16,3.358
24.10.16,3.361
25.10.16,3.351
26.10.16,3.369
27.10.16,3.36
28.10.16,3.362
31.10.16,3.363
01.11.16,n.d.
02.11.16,3.388
03.11.16,3.378
04.11.16,3.388
07.11.16,3.372
08.11.16,3.355
09.11.16,3.373
10.11.16,3.402
11.11.16,3.406
14.11.16,3.435
15.11.16,3.418
16.11.16,3.404
17.11.16,n.d.
18.11.16,n.d.
21.11.16,3.418
22.11.16,3.418
23.11.16,3.423
24.11.16,3.412
25.11.16,3.421
28.11.16,3.416
29.11.16,3.416
30.11.16,3.413
01.12.16,3.414
02.12.16,3.417
05.12.16,3.418
06.12.16,3.413
07.12.16,3.403
08.12.16,n.d.
09.12.16,3.405
12.12.16,3.4
13.12.16,3.394
14.12.16,3.384
15.12.16,3.402
16.12.16,3.402
19.12.16,3.406
20.12.16,3.4
21.12.16,3.391
22.12.16,3.393
23.12.16,3.379
26.12.16,3.385
27.12.16,3.374
28.12.16,3.353
29.12.16,3.359
30.12.16,3.355
02.01.17,3.368
03.01.17,3.395
04.01.17,3.384
05.01.17,3.364
06.01.17,3.377
09.01.17,3.384
10.01.17,3.389
11.01.17,3.38
12.01.17,3.361
13.01.17,3.362
16.01.17,3.369
17.01.17,3.344
18.01.17,3.338
19.01.17,3.314
20.01.17,3.293
23.01.17,3.283
24.01.17,3.283
25.01.17,3.294
26.01.17,3.3
27.01.17,3.29
30.01.17,3.292
31.01.17,3.271
01.02.17,3.27
02.02.17,3.248
03.02.17,3.258
06.02.17,3.287
07.02.17,3.295
08.02.17,3.285
09.02.17,3.267
10.02.17,3.252
13.02.17,3.26
14.02.17,3.258
15.02.17,3.245
16.02.17,3.248
17.02.17,3.263
20.02.17,3.246
21.02.17,3.246
22.02.17,3.245
23.02.17,3.245
24.02.17,3.253
27.02.17,3.251
28.02.17,3.261
01.03.17,3.259
02.03.17,3.282
03.03.17,3.279
06.03.17,3.294
07.03.17,3.279
08.03.17,3.296
09.03.17,3.287
10.03.17,3.283
13.03.17,3.284
14.03.17,3.279
15.03.17,3.257
16.03.17,3.252
17.03.17,3.249
20.03.17,3.245
21.03.17,3.25
22.03.17,3.244
23.03.17,3.244
24.03.17,3.239
27.03.17,3.252
28.03.17,3.241
29.03.17,3.243
30.03.17,3.247
31.03.17,3.248
03.04.17,3.25
04.04.17,3.252
05.04.17,3.247
06.04.17,3.248
07.04.17,3.245
10.04.17,3.245
11.04.17,3.253
12.04.17,3.254
13.04.17,n.d.
14.04.17,n.d.
17.04.17,3.25
18.04.17,3.25
19.04.17,3.245
20.04.17,3.243
21.04.17,3.242
24.04.17,3.243
25.04.17,3.245
26.04.17,3.249
27.04.17,3.245
28.04.17,3.243
01.05.17,n.d.
02.05.17,3.248
03.05.17,3.25
04.05.17,3.282
05.05.17,3.268
08.05.17,3.286
09.05.17,3.29
10.05.17,3.293
11.05.17,3.287
12.05.17,3.269
15.05.17,3.263
16.05.17,3.265
17.05.17,3.274
18.05.17,3.279
19.05.17,3.266
22.05.17,3.275
23.05.17,3.281
24.05.17,3.267
25.05.17,3.268
26.05.17,3.274
29.05.17,3.283
30.05.17,3.282
31.05.17,3.27
01.06.17,3.273
02.06.17,3.272
05.06.17,3.267
06.06.17,3.266
07.06.17,3.27
08.06.17,3.269
09.06.17,3.267
12.06.17,3.281
13.06.17,3.278
14.06.17,3.269
15.06.17,3.277
16.06.17,3.272
19.06.17,3.266
20.06.17,3.272
21.06.17,3.272
22.06.17,3.26
23.06.17,3.255
26.06.17,3.253
27.06.17,3.256
28.06.17,3.246
29.06.17,n.d.
30.06.17,n.d.
03.07.17,3.257
04.07.17,3.257
05.07.17,3.257
06.07.17,3.253
07.07.17,3.253
10.07.17,3.255
11.07.17,3.256
12.07.17,3.251
13.07.17,3.243
14.07.17,3.25
17.07.17,3.247
18.07.17,3.243
19.07.17,3.241
20.07.17,3.241
21.07.17,3.249
24.07.17,3.246
25.07.17,3.25
26.07.17,3.245
27.07.17,n.d.
28.07.17,n.d.
31.07.17,3.24
01.08.17,3.24
02.08.17,3.239
03.08.17,3.239
04.08.17,3.245
07.08.17,3.242
08.08.17,3.242
09.08.17,3.248
10.08.17,3.251
11.08.17,3.244
14.08.17,3.243
15.08.17,3.245
16.08.17,3.241
17.08.17,3.241
18.08.17,3.242
21.08.17,3.239
22.08.17,3.238
23.08.17,3.237
24.08.17,3.237
25.08.17,3.237
28.08.17,3.238
29.08.17,3.239
30.08.17,n.d.
31.08.17,3.239
01.09.17,3.238
04.09.17,3.237
05.09.17,3.237
06.09.17,3.235
07.09.17,3.234
08.09.17,3.232
11.09.17,3.231
12.09.17,3.233
13.09.17,3.238
14.09.17,3.238
15.09.17,3.25
18.09.17,3.244
19.09.17,3.246
20.09.17,3.248
21.09.17,3.248
22.09.17,3.246
25.09.17,3.259
26.09.17,3.265
27.09.17,3.271
28.09.17,3.266
29.09.17,3.265
02.10.17,3.273
03.10.17,3.262
04.10.17,3.259
05.10.17,3.261
06.10.17,3.269
09.10.17,3.271
10.10.17,3.264
11.10.17,3.259
12.10.17,3.253
13.10.17,3.248
16.10.17,3.243
17.10.17,3.244
18.10.17,3.236
19.10.17,3.234
20.10.17,3.238
23.10.17,3.239
24.10.17,3.236
25.10.17,3.234
26.10.17,3.24
27.10.17,3.246
30.10.17,3.249
31.10.17,3.25
01.11.17,n.d.
02.11.17,3.238
03.11.17,3.243
06.11.17,3.238
07.11.17,3.242
08.11.17,3.245
09.11.17,3.241
10.11.17,3.243
13.11.17,3.241
14.11.17,3.243
15.11.17,3.256
16.11.17,3.246
17.11.17,3.241
20.11.17,3.238
21.11.17,3.236
22.11.17,3.236
23.11.17,3.237
24.11.17,3.237
27.11.17,3.236
28.11.17,3.233
29.11.17,3.234
30.11.17,3.233
01.12.17,3.234
04.12.17,3.233
05.12.17,3.237
06.12.17,3.234
07.12.17,3.235
08.12.17,n.d.
11.12.17,3.234
12.12.17,3.233
13.12.17,3.233
14.12.17,3.242
15.12.17,3.289
18.12.17,3.28
19.12.17,3.281
20.12.17,3.267
21.12.17,3.267
22.12.17,3.235
25.12.17,n.d.
26.12.17,3.24
27.12.17,3.24
28.12.17,3.24
29.12.17,3.237
01.01.18,n.d.
02.01.18,n.d.
03.01.18,3.217
04.01.18,3.209
05.01.18,3.212
08.01.18,3.215
09.01.18,3.218
10.01.18,3.222
11.01.18,3.218
12.01.18,3.216
15.01.18,3.21
16.01.18,3.21
17.01.18,3.211
18.01.18,3.214
19.01.18,3.216
22.01.18,3.213
23.01.18,3.219
24.01.18,3.213
25.01.18,3.21
26.01.18,3.215
29.01.18,3.215
30.01.18,3.216
31.01.18,3.215
01.02.18,3.211
02.02.18,3.218
05.02.18,3.237
06.02.18,3.244
07.02.18,3.25
08.02.18,3.263
09.02.18,3.275
12.02.18,3.268
13.02.18,3.273
14.02.18,3.261
15.02.18,3.246
16.02.18,3.25
19.02.18,3.246
20.02.18,3.251
21.02.18,3.254
22.02.18,3.247
23.02.18,3.25
26.02.18,3.248
27.02.18,3.252
28.02.18,3.266
01.03.18,3.261
02.03.18,3.256
05.03.18,3.252
06.03.18,3.25
07.03.18,3.253
08.03.18,3.258
09.03.18,3.258
12.03.18,3.26
13.03.18,3.262
14.03.18,3.253
15.03.18,3.261
16.03.18,3.272
19.03.18,3.27
20.03.18,3.265
21.03.18,3.251
22.03.18,3.236
23.03.18,3.222
26.03.18,3.216
27.03.18,3.226
28.03.18,3.229
29.03.18,n.d.
30.03.18,n.d.
02.04.18,3.227
03.04.18,3.223
04.04.18,3.224
05.04.18,3.226
06.04.18,3.238
09.04.18,3.237
10.04.18,3.239
11.04.18,3.233
12.04.18,3.225
13.04.18,n.d.
16.04.18,3.222
17.04.18,3.22
18.04.18,3.217
19.04.18,3.219
20.04.18,3.22
23.04.18,3.234
24.04.18,3.23
25.04.18,3.235
26.04.18,3.236
27.04.18,3.236
30.04.18,3.252
01.05.18,n.d.
02.05.18,3.268
03.05.18,3.272
04.05.18,3.27
07.05.18,3.278
08.05.18,3.288
09.05.18,3.295
10.05.18,3.266
11.05.18,3.256
14.05.18,3.257
15.05.18,3.273
16.05.18,3.263
17.05.18,3.273
18.05.18,3.287
21.05.18,3.283
22.05.18,3.271
23.05.18,3.264
24.05.18,3.266
25.05.18,3.268
28.05.18,3.275
29.05.18,3.276
30.05.18,3.27
31.05.18,3.271
01.06.18,3.272
04.06.18,3.268
05.06.18,3.268
06.06.18,3.261
07.06.18,3.263
08.06.18,3.261
11.06.18,3.265
12.06.18,3.271
13.06.18,3.272
14.06.18,3.28
15.06.18,3.28
18.06.18,3.276
19.06.18,3.283
20.06.18,3.278
21.06.18,3.274
22.06.18,3.269
25.06.18,3.269
26.06.18,3.267
27.06.18,3.273
28.06.18,3.276
29.06.18,n.d.
02.07.18,3.287
03.07.18,3.286
04.07.18,3.29
05.07.18,3.287
06.07.18,3.285
09.07.18,3.276
10.07.18,3.273
11.07.18,3.279
12.07.18,3.272
13.07.18,3.271
16.07.18,3.265
17.07.18,3.272
18.07.18,3.269
19.07.18,3.274
20.07.18,3.275
23.07.18,3.279
24.07.18,3.276
25.07.18,3.273
26.07.18,3.272
27.07.18,n.d.
30.07.18,3.27
31.07.18,3.272
01.08.18,3.272
02.08.18,3.273
03.08.18,3.267
06.08.18,3.27
07.08.18,3.268
08.08.18,3.269
09.08.18,3.27
10.08.18,3.28
13.08.18,3.287
14.08.18,3.299
15.08.18,3.317
16.08.18,3.313
17.08.18,3.311
20.08.18,3.306
21.08.18,3.293
22.08.18,3.284
23.08.18,3.302
24.08.18,3.295
27.08.18,3.288
28.08.18,3.293
29.08.18,3.293
30.08.18,n.d.
31.08.18,n.d.
03.09.18,3.301
04.09.18,3.318
05.09.18,3.318
06.09.18,3.323
07.09.18,3.326
10.09.18,3.332
11.09.18,3.334
12.09.18,3.33
13.09.18,3.314
14.09.18,3.311
17.09.18,3.311
18.09.18,3.306
19.09.18,3.303
20.09.18,3.296
21.09.18,3.293
24.09.18,3.301
25.09.18,3.308
26.09.18,3.302
27.09.18,3.299
28.09.18,3.304
01.10.18,3.307
02.10.18,3.312
03.10.18,3.322
04.10.18,3.328
05.10.18,3.324
08.10.18,n.d.
09.10.18,3.326
10.10.18,3.328
11.10.18,3.328
12.10.18,3.334
15.10.18,3.335
16.10.18,3.333
17.10.18,3.335
18.10.18,3.334
19.10.18,3.331
22.10.18,3.332
23.10.18,3.335
24.10.18,3.342
25.10.18,3.344
26.10.18,3.348
29.10.18,3.354
30.10.18,3.362
31.10.18,3.371
01.11.18,n.d.
02.11.18,n.d.
05.11.18,3.365
06.11.18,3.37
07.11.18,3.362
08.11.18,3.364
09.11.18,3.37
12.11.18,3.374
13.11.18,3.379
14.11.18,3.384
15.11.18,3.382
16.11.18,3.374
19.11.18,3.376
20.11.18,3.384
21.11.18,3.376
22.11.18,3.372
23.11.18,3.378
26.11.18,3.38
27.11.18,3.381
28.11.18,3.374
29.11.18,3.381
30.11.18,3.382
03.12.18,3.381
04.12.18,3.381
05.12.18,3.377
06.12.18,3.374
07.12.18,3.369
10.12.18,3.368
11.12.18,3.36
12.12.18,3.358
13.12.18,3.351
14.12.18,3.347
17.12.18,3.339
18.12.18,3.347
19.12.18,3.351
20.12.18,3.349
21.12.18,3.358
24.12.18,n.d.
25.12.18,n.d.
26.12.18,3.372
27.12.18,3.37
28.12.18,3.372
31.12.18,3.368
01.01.19,n.d.
02.01.19,3.368
03.01.19,3.367
04.01.19,3.345
07.01.19,3.352
08.01.19,3.34
09.01.19,3.338
10.01.19,3.341
11.01.19,3.347
14.01.19,3.343
15.01.19,3.333
16.01.19,3.331
17.01.19,3.325
18.01.19,3.319
21.01.19,3.327
22.01.19,3.334
23.01.19,3.339
24.01.19,3.347
25.01.19,3.343
28.01.19,3.358
29.01.19,3.356
30.01.19,3.351
31.01.19,3.327
01.02.19,3.329
04.02.19,3.33
05.02.19,3.324
06.02.19,3.323
07.02.19,3.324
08.02.19,3.322
11.02.19,3.332
12.02.19,3.329
13.02.19,3.338
14.02.19,3.337
15.02.19,3.326
18.02.19,3.319
19.02.19,3.316
20.02.19,3.318
21.02.19,3.313
22.02.19,3.306
25.02.19,3.304
26.02.19,3.303
27.02.19,3.296
28.02.19,3.298
01.03.19,3.308
04.03.19,3.31
05.03.19,3.309
06.03.19,3.307
07.03.19,3.312
08.03.19,3.313
11.03.19,3.307
12.03.19,3.297
13.03.19,3.294
14.03.19,3.298
15.03.19,3.298
18.03.19,3.299
19.03.19,3.298
20.03.19,3.292
21.03.19,3.287
22.03.19,3.299
25.03.19,3.302
26.03.19,3.306
27.03.19,3.317
28.03.19,3.32
29.03.19,3.318
01.04.19,3.307
02.04.19,3.31
03.04.19,3.295
04.04.19,3.296
05.04.19,3.294
08.04.19,3.288
09.04.19,3.294
10.04.19,3.294
11.04.19,3.298
12.04.19,3.297
15.04.19,3.294
16.04.19,3.296
17.04.19,3.297
18.04.19,n.d.
19.04.19,n.d.
22.04.19,3.304
23.04.19,3.311
24.04.19,3.323
25.04.19,3.326
26.04.19,3.315
29.04.19,3.31
30.04.19,3.306
01.05.19,n.d.
02.05.19,3.31
03.05.19,3.298
06.05.19,3.308
07.05.19,3.313
08.05.19,3.316
09.05.19,3.313
10.05.19,3.315
13.05.19,3.327
14.05.19,3.322
15.05.19,3.317
16.05.19,3.317
17.05.19,3.33
20.05.19,3.347
21.05.19,3.34
22.05.19,3.341
23.05.19,3.349
24.05.19,3.344
27.05.19,3.352
28.05.19,3.353
29.05.19,3.355
30.05.19,3.365
31.05.19,3.381
03.06.19,3.36
04.06.19,3.348
05.06.19,3.34
06.06.19,3.336
07.06.19,3.327
10.06.19,3.333
11.06.19,3.326
12.06.19,3.329
13.06.19,3.33
14.06.19,3.346
17.06.19,3.347
18.06.19,3.332
19.06.19,3.329
20.06.19,3.31
21.06.19,3.3
24.06.19,3.301
25.06.19,3.304
26.06.19,3.293
27.06.19,3.289
28.06.19,3.294
01.07.19,3.289
02.07.19,3.294
03.07.19,3.291
04.07.19,3.291
05.07.19,3.29
08.07.19,3.285
09.07.19,3.296
10.07.19,3.283
11.07.19,3.285
12.07.19,3.283
15.07.19,3.283
16.07.19,3.287
17.07.19,3.288
18.07.19,3.286
19.07.19,3.282
22.07.19,3.285
23.07.19,3.295
24.07.19,3.294
25.07.19,3.296
26.07.19,3.297
29.07.19,n.d.
30.07.19,n.d.
31.07.19,3.304
01.08.19,3.326
02.08.19,3.355
05.08.19,3.386
06.08.19,3.375
07.08.19,3.388
08.08.19,3.373
09.08.19,3.38
12.08.19,3.381
13.08.19,3.384
14.08.19,3.396
15.08.19,3.391
16.08.19,3.378
19.08.19,3.386
20.08.19,3.382
21.08.19,3.376
22.08.19,3.374
23.08.19,3.375
26.08.19,3.382
27.08.19,3.393
28.08.19,3.401
29.08.19,n.d.
30.08.19,n.d.
02.09.19,3.405
03.09.19,3.404
04.09.19,3.378
05.09.19,3.364
06.09.19,3.342
09.09.19,3.349
10.09.19,3.343
11.09.19,3.338
12.09.19,3.324
13.09.19,3.321
16.09.19,3.333
17.09.19,3.338
18.09.19,3.35
19.09.19,3.354
20.09.19,3.358
23.09.19,3.355
24.09.19,3.341
25.09.19,3.35
26.09.19,3.382
27.09.19,3.381
30.09.19,3.369
01.10.19,3.386
02.10.19,3.388
03.10.19,3.373
04.10.19,3.379
07.10.19,3.382
08.10.19,n.d.
09.10.19,3.366
10.10.19,3.365
11.10.19,3.355
14.10.19,3.367
15.10.19,3.366
16.10.19,3.362
17.10.19,3.349
18.10.19,3.336
21.10.19,3.337
22.10.19,3.349
23.10.19,3.345
24.10.19,3.348
25.10.19,3.335
28.10.19,3.331
29.10.19,3.336
30.10.19,3.344
31.10.19,n.d.
01.11.19,n.d.
04.11.19,3.332
05.11.19,3.337
06.11.19,3.339
07.11.19,3.343
08.11.19,3.359
11.11.19,3.361
12.11.19,3.381
13.11.19,3.388
14.11.19,3.387
15.11.19,3.363
18.11.19,3.372
19.11.19,3.376
20.11.19,3.382
21.11.19,3.372
22.11.19,3.388
25.11.19,3.386
26.11.19,3.384
27.11.19,3.384
28.11.19,3.394
29.11.19,3.405
02.12.19,3.391
03.12.19,3.389
04.12.19,3.379
05.12.19,3.379
06.12.19,3.377
09.12.19,3.374
10.12.19,3.399
11.12.19,3.392
12.12.19,3.375
13.12.19,3.366
16.12.19,3.351
17.12.19,3.339
18.12.19,3.338
19.12.19,3.332
20.12.19,3.314
23.12.19,3.318
24.12.19,3.317
25.12.19,n.d.
26.12.19,3.319
27.12.19,3.314
30.12.19,3.316
31.12.19,3.312
01.01.20,n.d.
02.01.20,3.299
03.01.20,3.315
06.01.20,3.324
07.01.20,3.321
08.01.20,3.314
09.01.20,3.32
10.01.20,3.331
13.01.20,3.332
14.01.20,3.321
15.01.20,3.323
16.01.20,3.322
17.01.20,3.321
20.01.20,3.316
21.01.20,3.317
22.01.20,3.313
23.01.20,3.319
24.01.20,3.323
27.01.20,3.331
28.01.20,3.338
29.01.20,3.344
30.01.20,3.365
31.01.20,3.384
03.02.20,3.371
04.02.20,3.362
05.02.20,3.361
06.02.20,3.375
07.02.20,3.388
10.02.20,3.393
11.02.20,3.387
12.02.20,3.378
13.02.20,3.384
14.02.20,3.378
17.02.20,3.378
18.02.20,3.382
19.02.20,3.381
20.02.20,3.391
21.02.20,3.385
24.02.20,3.404
25.02.20,3.41
26.02.20,3.409
27.02.20,3.433
28.02.20,3.453
02.03.20,3.441
03.03.20,3.422
04.03.20,3.418
05.03.20,3.459
06.03.20,3.47
09.03.20,3.506
10.03.20,3.501
11.03.20,3.517
12.03.20,3.527
13.03.20,3.52
16.03.20,3.552
17.03.20,3.543
18.03.20,3.572
19.03.20,3.554
20.03.20,3.528
23.03.20,3.532
24.03.20,3.519
25.03.20,3.476
26.03.20,3.396
27.03.20,3.41
30.03.20,3.438
31.03.20,3.431
01.04.20,3.465
02.04.20,3.44
03.04.20,3.458
06.04.20,3.39
07.04.20,3.363
08.04.20,3.37
09.04.20,n.d.
10.04.20,n.d.
13.04.20,3.386
14.04.20,3.394
15.04.20,3.408
16.04.20,3.413
17.04.20,3.407
20.04.20,3.402
21.04.20,3.385
22.04.20,3.371
23.04.20,3.372
24.04.20,3.395
27.04.20,3.397
28.04.20,3.387
29.04.20,3.366
30.04.20,3.372
01.05.20,n.d.
04.05.20,3.384
05.05.20,3.388
06.05.20,3.412
07.05.20,3.402
08.05.20,3.407
11.05.20,3.415
12.05.20,3.433
13.05.20,3.439
14.05.20,3.449
15.05.20,3.436
18.05.20,3.427
19.05.20,3.426
20.05.20,3.401
21.05.20,3.411
22.05.20,3.429
25.05.20,3.426
26.05.20,3.433
27.05.20,3.449
28.05.20,3.437
29.05.20,3.427
01.06.20,3.418
02.06.20,3.395
03.06.20,3.402
04.06.20,3.432
05.06.20,3.43
08.06.20,3.435
09.06.20,3.443
10.06.20,3.425
11.06.20,3.46
12.06.20,3.465
15.06.20,3.478
16.06.20,3.481
17.06.20,3.497
18.06.20,3.521
19.06.20,3.501
22.06.20,3.505
23.06.20,3.522
24.06.20,3.508
25.06.20,3.503
26.06.20,3.528
29.06.20,n.d.
30.06.20,3.541
01.07.20,3.529
02.07.20,3.521
03.07.20,3.539
06.07.20,3.544
07.07.20,3.537
08.07.20,3.52
09.07.20,3.5
10.07.20,3.502
13.07.20,3.497
14.07.20,3.498
15.07.20,3.494
16.07.20,3.504
17.07.20,3.517
20.07.20,3.503
21.07.20,3.494
22.07.20,3.508
23.07.20,3.518
24.07.20,3.533
27.07.20,3.508
28.07.20,n.d.
29.07.20,3.498
30.07.20,3.512
31.07.20,3.532
03.08.20,3.541
04.08.20,3.551
05.08.20,3.544
06.08.20,3.542
07.08.20,3.552
10.08.20,3.56
11.08.20,3.56
12.08.20,3.566
13.08.20,3.57
14.08.20,3.571
17.08.20,3.578
18.08.20,3.566
19.08.20,3.562
20.08.20,3.577
21.08.20,3.583
24.08.20,3.585
25.08.20,3.586
26.08.20,3.57
27.08.20,3.563
28.08.20,3.533
31.08.20,3.542
01.09.20,3.527
02.09.20,3.535
03.09.20,3.549
04.09.20,3.526
07.09.20,3.536
08.09.20,3.541
09.09.20,3.537
10.09.20,3.544
11.09.20,3.572
14.09.20,3.56
15.09.20,3.547
16.09.20,3.526
17.09.20,3.522
18.09.20,3.523
21.09.20,3.549
22.09.20,3.549
23.09.20,3.572
24.09.20,3.59
25.09.20,3.586
28.09.20,3.589
29.09.20,3.598
30.09.20,3.598
01.10.20,3.606
02.10.20,3.618
05.10.20,3.588
06.10.20,3.583
07.10.20,3.569
08.10.20,3.58
09.10.20,3.58
12.10.20,3.586
13.10.20,3.591
14.10.20,3.59
15.10.20,3.581
16.10.20,3.585
19.10.20,3.59
20.10.20,3.599
21.10.20,3.597
22.10.20,3.602
23.10.20,3.597
26.10.20,3.604
27.10.20,3.607
28.10.20,3.612
29.10.20,3.611
30.10.20,3.615
02.11.20,3.615
03.11.20,3.591
04.11.20,3.6
05.11.20,3.594
06.11.20,3.591
09.11.20,3.581
10.11.20,3.623
11.11.20,3.621
12.11.20,3.64
13.11.20,3.642
16.11.20,3.663
17.11.20,3.602
18.11.20,3.57
19.11.20,3.577
20.11.20,3.595
23.11.20,3.604
24.11.20,3.609
25.11.20,3.603
26.11.20,3.602
27.11.20,3.602
30.11.20,3.606
01.12.20,3.609
02.12.20,3.609
03.12.20,3.591
04.12.20,3.587
07.12.20,3.603
08.12.20,n.d.
09.12.20,3.599
10.12.20,3.593
11.12.20,3.592
14.12.20,3.588
15.12.20,3.585
16.12.20,3.587
17.12.20,3.587
18.12.20,3.595
21.12.20,3.605
22.12.20,3.612
23.12.20,3.607
24.12.20,3.61
25.12.20,n.d.
28.12.20,3.617
29.12.20,3.618
30.12.20,3.619
31.12.20,3.618
01.01.21,n.d.
04.01.21,3.628
05.01.21,3.628
06.01.21,3.624
07.01.21,3.62
08.01.21,3.606
11.01.21,3.612
12.01.21,3.61
13.01.21,3.614
14.01.21,3.609
15.01.21,3.613
18.01.21,3.615
19.01.21,3.614
20.01.21,3.615
21.01.21,3.623
22.01.21,3.634
25.01.21,3.644
26.01.21,3.644
27.01.21,3.644
28.01.21,3.643
29.01.21,3.636
01.02.21,3.64
02.02.21,3.635
03.02.21,3.641
04.02.21,3.643
05.02.21,3.637
08.02.21,3.641
09.02.21,3.638
10.02.21,3.637
11.02.21,3.64
12.02.21,3.644
15.02.21,3.644
16.02.21,3.652
17.02.21,3.651
18.02.21,3.651
19.02.21,3.652
22.02.21,3.652
23.02.21,3.652
24.02.21,3.643
25.02.21,3.648
26.02.21,3.648
01.03.21,3.656
02.03.21,3.666
03.03.21,3.673
04.03.21,3.684
05.03.21,3.69
08.03.21,3.702
09.03.21,3.698
10.03.21,3.694
11.03.21,3.693
12.03.21,3.709
15.03.21,3.703
16.03.21,3.7
17.03.21,3.703
18.03.21,3.708
19.03.21,3.715
22.03.21,3.712
23.03.21,3.719
24.03.21,3.723
25.03.21,3.734
26.03.21,3.732
29.03.21,3.749
30.03.21,3.771
31.03.21,3.743
01.04.21,n.d.
02.04.21,n.d.
05.04.21,3.692
06.04.21,3.633
07.04.21,3.608
08.04.21,3.596
09.04.21,3.62
12.04.21,3.617
13.04.21,3.628
14.04.21,3.631
15.04.21,3.625
16.04.21,3.633
19.04.21,3.672
20.04.21,3.69
21.04.21,3.709
22.04.21,3.755
23.04.21,3.787
26.04.21,3.838
27.04.21,3.839
28.04.21,3.769
29.04.21,3.785
30.04.21,3.784
03.05.21,3.816
04.05.21,3.833
05.05.21,3.824
06.05.21,3.816
07.05.21,3.81
10.05.21,3.721
11.05.21,3.704
12.05.21,3.716
13.05.21,3.658
14.05.21,3.677
17.05.21,3.713
18.05.21,3.735
19.05.21,3.74
20.05.21,3.71
21.05.21,3.752
24.05.21,3.81
25.05.21,3.821
26.05.21,3.853
27.05.21,3.849
28.05.21,3.81
31.05.21,3.835
01.06.21,3.862
02.06.21,3.82
03.06.21,3.87
04.06.21,3.84
07.06.21,3.937
08.06.21,3.925
09.06.21,3.836
10.06.21,3.893
11.06.21,3.89
14.06.21,3.891
15.06.21,3.88
16.06.21,3.907
17.06.21,3.916
18.06.21,3.95
21.06.21,3.953
22.06.21,3.979
23.06.21,3.979
24.06.21,3.984
25.06.21,3.967
28.06.21,3.883
29.06.21,n.d.
30.06.21,3.865
01.07.21,3.875
02.07.21,3.9
05.07.21,3.929
06.07.21,3.955
07.07.21,3.958
08.07.21,3.956
09.07.21,3.968
12.07.21,3.961
13.07.21,3.976
14.07.21,3.96
15.07.21,3.945
16.07.21,3.903
19.07.21,3.946
20.07.21,3.947
21.07.21,3.946
22.07.21,3.933
23.07.21,3.925
26.07.21,3.908
27.07.21,3.925
28.07.21,n.d.
29.07.21,n.d.
30.07.21,4.068
02.08.21,4.061
03.08.21,4.045
04.08.21,4.082
05.08.21,4.071
06.08.21,4.092
09.08.21,4.109
10.08.21,4.078
11.08.21,4.092
12.08.21,4.085
13.08.21,4.076
16.08.21,4.08
17.08.21,4.087
18.08.21,4.095
19.08.21,4.105
20.08.21,4.113
23.08.21,4.1
24.08.21,4.09
25.08.21,4.087
26.08.21,4.07
27.08.21,4.08
30.08.21,n.d.
31.08.21,4.087
01.09.21,4.084
02.09.21,4.101
03.09.21,4.092
06.09.21,4.102
07.09.21,4.09
08.09.21,4.093
09.09.21,4.1
10.09.21,4.102
13.09.21,4.105
14.09.21,4.105
15.09.21,4.109
16.09.21,4.102
17.09.21,4.111
20.09.21,4.118
21.09.21,4.111
22.09.21,4.112
23.09.21,4.105
24.09.21,4.109
27.09.21,4.122
28.09.21,4.127
29.09.21,4.128
30.09.21,4.132
01.10.21,4.13
04.10.21,4.131
05.10.21,4.129
06.10.21,4.137
07.10.21,4.091
08.10.21,n.d.
11.10.21,4.07
12.10.21,4.036
13.10.21,3.97
14.10.21,3.918
15.10.21,3.931
18.10.21,3.948
19.10.21,3.946
20.10.21,3.944
21.10.21,3.952
22.10.21,3.966
25.10.21,3.973
26.10.21,3.986
27.10.21,3.976
28.10.21,3.981
29.10.21,3.991
01.11.21,n.d.
02.11.21,4.008
03.11.21,4.011
04.11.21,4.013
05.11.21,4.009
08.11.21,4.013
09.11.21,4.014
10.11.21,4.026
11.11.21,4.017
12.11.21,4.015
15.11.21,3.991
16.11.21,3.997
17.11.21,4.006
18.11.21,4.021
19.11.21,4.006
22.11.21,4.008
23.11.21,4.009
24.11.21,4.021
25.11.21,4.031
26.11.21,4.043
29.11.21,4.061
30.11.21,4.064
01.12.21,4.07
02.12.21,4.07
03.12.21,4.076
06.12.21,4.085
07.12.21,4.077
08.12.21,n.d.
09.12.21,4.079
10.12.21,4.057
13.12.21,4.049
14.12.21,4.051
15.12.21,4.052
16.12.21,4.036
17.12.21,4.037
20.12.21,4.05
21.12.21,4.051
22.12.21,4.033
23.12.21,4
24.12.21,4
27.12.21,3.97
28.12.21,3.958
29.12.21,3.976
30.12.21,3.988
31.12.21,3.99
03.01.22,3.96
04.01.22,3.957
05.01.22,3.96
06.01.22,3.966
07.01.22,3.93
10.01.22,3.933
11.01.22,3.906
12.01.22,3.895
13.01.22,3.889
14.01.22,3.869
17.01.22,3.853
18.01.22,3.865
19.01.22,3.862
20.01.22,3.835
21.01.22,3.831
24.01.22,3.848
25.01.22,3.845
26.01.22,3.838
27.01.22,3.838
28.01.22,3.85
31.01.22,3.844
01.02.22,3.881
02.02.22,3.854
03.02.22,3.858
04.02.22,3.835
07.02.22,3.841
08.02.22,3.834
09.02.22,3.803
10.02.22,3.735
11.02.22,3.771
14.02.22,3.794
15.02.22,3.798
16.02.22,3.746
17.02.22,3.725
18.02.22,3.741
21.02.22,3.759
22.02.22,3.727
23.02.22,3.73
24.02.22,3.8
25.02.22,3.735
28.02.22,3.78
01.03.22,3.786
02.03.22,3.749
03.03.22,3.729
04.03.22,3.755
07.03.22,3.72
08.03.22,3.739
09.03.22,3.725
10.03.22,3.709
11.03.22,3.704
14.03.22,3.73
15.03.22,3.736
16.03.22,3.719
17.03.22,3.75
18.03.22,3.781
21.03.22,3.78
22.03.22,3.776
23.03.22,3.765
24.03.22,3.73
25.03.22,3.735
28.03.22,3.728
29.03.22,3.723
30.03.22,3.71
31.03.22,3.676
01.04.22,3.63
04.04.22,3.64
05.04.22,3.696
06.04.22,3.719
07.04.22,3.703
08.04.22,3.71
11.04.22,3.714
12.04.22,3.725
13.04.22,3.733
14.04.22,n.d.
15.04.22,n.d.
18.04.22,3.736
19.04.22,3.703
20.04.22,3.713
21.04.22,3.734
22.04.22,3.768
25.04.22,3.803
26.04.22,3.823
27.04.22,3.826
28.04.22,3.84
29.04.22,3.836
02.05.22,3.832
03.05.22,3.816
04.05.22,3.765
05.05.22,3.789
06.05.22,3.811
09.05.22,3.82
10.05.22,3.785
11.05.22,3.786
12.05.22,3.76
13.05.22,3.788
16.05.22,3.77
17.05.22,3.761
18.05.22,3.77
19.05.22,3.734
20.05.22,3.728
23.05.22,3.717
24.05.22,3.7
25.05.22,3.686
26.05.22,3.655
27.05.22,3.69
30.05.22,3.685
31.05.22,3.713
01.06.22,3.725
02.06.22,3.697
03.06.22,3.707
06.06.22,3.733
07.06.22,3.749
08.06.22,3.765
09.06.22,3.75
10.06.22,3.76
13.06.22,3.737
14.06.22,3.756
15.06.22,3.725
16.06.22,3.708
17.06.22,3.72
20.06.22,3.723
21.06.22,3.72
22.06.22,3.726
23.06.22,3.76
24.06.22,3.782
27.06.22,3.77
28.06.22,3.787
29.06.22,n.d.
30.06.22,3.826
01.07.22,3.84
04.07.22,3.826
05.07.22,3.857
06.07.22,3.892
07.07.22,3.889
08.07.22,3.905
11.07.22,3.958
12.07.22,3.965
13.07.22,3.953
14.07.22,3.902
15.07.22,3.901
18.07.22,3.89
19.07.22,3.871
20.07.22,3.887
21.07.22,3.913
22.07.22,3.913
25.07.22,3.911
26.07.22,3.918
27.07.22,3.921
28.07.22,n.d.
29.07.22,n.d.
01.08.22,3.893
02.08.22,3.923
03.08.22,3.909
04.08.22,3.888
05.08.22,3.907
08.08.22,3.922
09.08.22,3.928
10.08.22,3.897
11.08.22,3.872
12.08.22,3.849
15.08.22,3.85
16.08.22,3.837
17.08.22,3.838
18.08.22,3.841
19.08.22,3.862
22.08.22,3.88
23.08.22,3.86
24.08.22,3.868
25.08.22,3.848
26.08.22,3.838
29.08.22,3.828
30.08.22,n.d.
31.08.22,3.851
01.09.22,3.866
02.09.22,3.879
05.09.22,3.885
06.09.22,3.897
07.09.22,3.886
08.09.22,3.881
09.09.22,3.881
12.09.22,3.856
13.09.22,3.875
14.09.22,3.882
15.09.22,3.882
16.09.22,3.878
19.09.22,3.87
20.09.22,3.9
21.09.22,3.907
22.09.22,3.884
23.09.22,3.911
26.09.22,3.939
27.09.22,3.946
28.09.22,3.949
29.09.22,3.972
30.09.22,3.982
03.10.22,3.957
04.10.22,3.948
05.10.22,3.968
06.10.22,3.979
07.10.22,3.955
10.10.22,3.963
11.10.22,3.972
12.10.22,3.979
13.10.22,3.979
14.10.22,3.989
17.10.22,3.977
18.10.22,3.975
19.10.22,3.982
20.10.22,3.981
21.10.22,3.985
24.10.22,3.999
25.10.22,3.999
26.10.22,3.988
27.10.22,3.973
28.10.22,3.98
31.10.22,3.985
01.11.22,n.d.
02.11.22,3.945
03.11.22,3.971
04.11.22,3.954
07.11.22,3.951
08.11.22,3.913
09.11.22,3.909
10.11.22,3.867
11.11.22,3.854
14.11.22,3.848
15.11.22,3.828
16.11.22,3.835
17.11.22,3.83
18.11.22,3.829
21.11.22,3.84
22.11.22,3.851
23.11.22,3.851
24.11.22,3.85
25.11.22,3.855
28.11.22,3.843
29.11.22,3.849
30.11.22,3.855
01.12.22,3.827
02.12.22,3.836
05.12.22,3.855
06.12.22,3.833
07.12.22,3.82
08.12.22,n.d.
09.12.22,n.d.
12.12.22,3.84
13.12.22,3.827
14.12.22,3.831
15.12.22,3.843
16.12.22,3.837
19.12.22,3.836
20.12.22,3.827
21.12.22,3.81
22.12.22,3.817
23.12.22,3.817
26.12.22,3.814
27.12.22,3.816
28.12.22,3.812
29.12.22,3.811
30.12.22,3.805
02.01.23,n.d.
03.01.23,3.818
04.01.23,3.83
05.01.23,3.812
06.01.23,3.792
09.01.23,3.801
10.01.23,3.793
11.01.23,3.784
12.01.23,3.785
13.01.23,3.811
16.01.23,3.829
17.01.23,3.844
18.01.23,3.84
19.01.23,3.857
20.01.23,3.856
23.01.23,3.884
24.01.23,3.893
25.01.23,3.889
26.01.23,3.835
27.01.23,3.829
30.01.23,3.848
31.01.23,3.845
01.02.23,3.851
02.02.23,3.831
03.02.23,3.835
06.02.23,3.846
07.02.23,3.844
08.02.23,3.868
09.02.23,3.86
10.02.23,3.839
13.02.23,3.858
14.02.23,3.859
15.02.23,3.866
16.02.23,3.845
17.02.23,3.843
20.02.23,3.841
21.02.23,3.828
22.02.23,3.805
23.02.23,3.801
24.02.23,3.82
27.02.23,3.807
28.02.23,3.792
01.03.23,3.778
02.03.23,3.786
03.03.23,3.782
06.03.23,3.784
07.03.23,3.795
08.03.23,3.798
09.03.23,3.782
10.03.23,3.781
13.03.23,3.796
14.03.23,3.783
15.03.23,3.804
16.03.23,3.785
17.03.23,3.79
20.03.23,3.775
21.03.23,3.773
22.03.23,3.768
23.03.23,3.767
24.03.23,3.772
27.03.23,3.769
28.03.23,3.763
29.03.23,3.75
30.03.23,3.762
31.03.23,3.762
03.04.23,3.769
04.04.23,3.772
05.04.23,3.767
06.04.23,n.d.
07.04.23,n.d.
10.04.23,3.781
11.04.23,3.78
12.04.23,3.775
13.04.23,3.775
14.04.23,3.774
17.04.23,3.782
18.04.23,3.776
19.04.23,3.774
20.04.23,3.763
21.04.23,3.76
24.04.23,3.75
25.04.23,3.755
26.04.23,3.743
27.04.23,3.72
28.04.23,3.706
01.05.23,n.d.
02.05.23,3.711
03.05.23,3.71
04.05.23,3.717
05.05.23,3.71
08.05.23,3.706
09.05.23,3.69
10.05.23,3.668
11.05.23,3.66
12.05.23,3.659
15.05.23,3.666
16.05.23,3.695
17.05.23,3.694
18.05.23,3.695
19.05.23,3.683
22.05.23,3.692
23.05.23,3.685
24.05.23,3.69
25.05.23,3.683
26.05.23,3.675
29.05.23,3.671
30.05.23,3.673
31.05.23,3.669
01.06.23,3.695
02.06.23,3.686
05.06.23,3.68
06.06.23,3.687
07.06.23,3.661
08.06.23,3.651
09.06.23,3.649
12.06.23,3.648
13.06.23,3.654
14.06.23,3.658
15.06.23,3.644
16.06.23,3.626
19.06.23,3.632
20.06.23,3.642
21.06.23,3.635
22.06.23,3.625
23.06.23,3.635
26.06.23,3.644
27.06.23,3.631
28.06.23,3.632
29.06.23,n.d.
30.06.23,3.624
03.07.23,3.634
04.07.23,3.626
05.07.23,3.632
06.07.23,3.646
07.07.23,3.641
10.07.23,3.635
11.07.23,3.621
12.07.23,3.581
13.07.23,3.571
14.07.23,3.555
17.07.23,3.557
18.07.23,3.569
19.07.23,3.578
20.07.23,3.582
21.07.23,3.587
24.07.23,3.59
25.07.23,3.603
26.07.23,3.598
27.07.23,3.596
28.07.23,n.d.
31.07.23,3.613
01.08.23,3.642
02.08.23,3.657
03.08.23,3.699
04.08.23,3.683
07.08.23,3.692
08.08.23,3.7
09.08.23,3.694
10.08.23,3.661
11.08.23,3.684
14.08.23,3.706
15.08.23,3.712
16.08.23,3.721
17.08.23,3.715
18.08.23,3.709
21.08.23,3.724
22.08.23,3.722
23.08.23,3.71
24.08.23,3.689
25.08.23,3.691
28.08.23,3.693
29.08.23,3.685
30.08.23,n.d.
31.08.23,3.689
01.09.23,3.692
04.09.23,3.691
05.09.23,3.694
06.09.23,3.705
07.09.23,3.708
08.09.23,3.715
11.09.23,3.699
12.09.23,3.708
13.09.23,3.705
14.09.23,3.713
15.09.23,3.715
18.09.23,3.708
19.09.23,3.712
20.09.23,3.718
21.09.23,3.739
22.09.23,3.747
25.09.23,3.776
26.09.23,3.784
27.09.23,3.81
28.09.23,3.8
29.09.23,3.784
02.10.23,3.796
03.10.23,3.821
04.10.23,3.812
05.10.23,3.82
06.10.23,3.826
09.10.23,3.835
10.10.23,3.82
11.10.23,3.83
12.10.23,3.836
13.10.23,3.857
16.10.23,3.859
17.10.23,3.853
18.10.23,3.868
19.10.23,3.871
20.10.23,3.875
23.10.23,3.862
24.10.23,3.863
25.10.23,3.876
26.10.23,3.867
27.10.23,3.854
30.10.23,3.833
31.10.23,3.838
01.11.23,n.d.
02.11.23,3.768
03.11.23,3.74
06.11.23,3.76
07.11.23,3.777
08.11.23,3.796
09.11.23,3.802
10.11.23,3.805
13.11.23,3.808
14.11.23,3.763
15.11.23,3.772
16.11.23,3.774
17.11.23,3.762
20.11.23,3.731
21.11.23,3.737
22.11.23,3.739
23.11.23,3.737
24.11.23,3.732
27.11.23,3.722
28.11.23,3.727
29.11.23,3.729
30.11.23,3.737
01.12.23,3.731
04.12.23,3.751
05.12.23,3.759
06.12.23,3.752
07.12.23,3.754
08.12.23,n.d.
11.12.23,3.774
12.12.23,3.775
13.12.23,3.791
14.12.23,3.762
15.12.23,3.758
18.12.23,3.736
19.12.23,3.719
20.12.23,3.702
21.12.23,3.688
22.12.23,3.682
25.12.23,n.d.
26.12.23,3.691
27.12.23,3.693
28.12.23,3.704
29.12.23,3.704
01.01.24,n.d.
02.01.24,n.d.
03.01.24,3.733
04.01.24,3.725
05.01.24,3.716
08.01.24,3.696
09.01.24,3.706
10.01.24,3.697
11.01.24,3.699
12.01.24,3.695
15.01.24,3.694
16.01.24,3.72
17.01.24,3.743
18.01.24,3.745
19.01.24,3.74
22.01.24,3.739
23.01.24,3.767
24.01.24,3.759
25.01.24,3.763
26.01.24,3.792
29.01.24,3.809
30.01.24,3.807
31.01.24,3.808
01.02.24,3.81
02.02.24,3.83
05.02.24,3.861
06.02.24,3.861
07.02.24,3.841
08.02.24,3.86
09.02.24,3.862
12.02.24,3.867
13.02.24,3.883
14.02.24,3.874
15.02.24,3.84
16.02.24,3.818
19.02.24,3.795
20.02.24,3.782
21.02.24,3.795
22.02.24,3.785
23.02.24,3.795
26.02.24,3.797
27.02.24,3.787
28.02.24,3.794
29.02.24,3.779
01.03.24,3.767
04.03.24,3.769
05.03.24,3.745
06.03.24,3.733
07.03.24,3.709
08.03.24,3.686
11.03.24,3.687
12.03.24,3.68
13.03.24,3.672
14.03.24,3.685
15.03.24,3.686
18.03.24,3.703
19.03.24,3.699
20.03.24,3.692
21.03.24,3.686
22.03.24,3.703
25.03.24,3.706
26.03.24,3.717
27.03.24,3.717
28.03.24,n.d.
29.03.24,n.d.
01.04.24,3.725
02.04.24,3.704
03.04.24,3.687
04.04.24,3.685
05.04.24,3.676
08.04.24,3.688
09.04.24,3.69
10.04.24,3.714
11.04.24,3.69
12.04.24,3.704
15.04.24,3.738
16.04.24,3.754
17.04.24,3.746
18.04.24,3.728
19.04.24,3.681
22.04.24,3.695
23.04.24,3.706
24.04.24,3.731
25.04.24,3.754
26.04.24,3.741
29.04.24,3.73
30.04.24,3.765
01.05.24,n.d.
02.05.24,3.723
03.05.24,3.72
06.05.24,3.725
07.05.24,3.721
08.05.24,3.722
09.05.24,3.69
10.05.24,3.715
13.05.24,3.724
14.05.24,3.717
15.05.24,3.717
16.05.24,3.731
17.05.24,3.738
20.05.24,3.733
21.05.24,3.731
22.05.24,3.735
23.05.24,3.735
24.05.24,3.741
27.05.24,3.745
28.05.24,3.748
29.05.24,3.757
30.05.24,3.747
31.05.24,3.723
03.06.24,3.727
04.06.24,3.744
05.06.24,3.748
06.06.24,3.755
07.06.24,n.d.
10.06.24,3.779
11.06.24,3.77
12.06.24,3.773
13.06.24,3.772
14.06.24,3.78
17.06.24,3.793
18.06.24,3.809
19.06.24,3.814
20.06.24,3.803
21.06.24,3.799
24.06.24,3.807
25.06.24,3.812
26.06.24,3.825
27.06.24,3.83
28.06.24,3.84
01.07.24,3.836
02.07.24,3.813
03.07.24,3.8
04.07.24,3.79
05.07.24,3.79
08.07.24,3.787
09.07.24,3.783
10.07.24,3.781
11.07.24,3.756
12.07.24,3.723
15.07.24,3.718
16.07.24,3.711
17.07.24,3.722
18.07.24,3.74
19.07.24,3.752
22.07.24,3.755
23.07.24,n.d.
24.07.24,3.775
25.07.24,3.74
26.07.24,n.d.
29.07.24,n.d.
30.07.24,3.727
31.07.24,3.727
01.08.24,3.741
02.08.24,3.736
05.08.24,3.721
06.08.24,n.d.
07.08.24,3.736
08.08.24,3.724
09.08.24,3.735
12.08.24,3.742
13.08.24,3.742
14.08.24,3.736
15.08.24,3.74
16.08.24,3.733
19.08.24,3.738
20.08.24,3.746
21.08.24,3.748
22.08.24,3.752
23.08.24,3.745
26.08.24,3.743
27.08.24,3.735
28.08.24,3.737
29.08.24,3.749
30.08.24,n.d.
02.09.24,3.767
03.09.24,3.785
04.09.24,3.795
05.09.24,3.789
06.09.24,3.798
09.09.24,3.812
10.09.24,3.804
11.09.24,3.777
12.09.24,3.77
13.09.24,3.776
16.09.24,3.778
17.09.24,3.753
18.09.24,3.75
19.09.24,3.745
20.09.24,3.758
23.09.24,3.776
24.09.24,3.762
25.09.24,3.748
26.09.24,3.723
27.09.24,3.711
30.09.24,3.703
01.10.24,3.718
02.10.24,3.712
03.10.24,3.727
04.10.24,3.731
07.10.24,3.742
08.10.24,n.d.
09.10.24,3.764
10.10.24,3.769
11.10.24,3.753
14.10.24,3.758
15.10.24,3.764
16.10.24,3.766
17.10.24,3.756
18.10.24,3.754
21.10.24,3.765
22.10.24,3.75
23.10.24,3.753
24.10.24,3.751
25.10.24,3.768
28.10.24,3.763
29.10.24,3.77
30.10.24,3.765
31.10.24,3.773
01.11.24,n.d.
04.11.24,3.772
05.11.24,3.772
06.11.24,3.776
07.11.24,3.75
08.11.24,3.764
11.11.24,3.778
12.11.24,3.795
13.11.24,3.81
14.11.24,3.797
15.11.24,3.8
18.11.24,3.794
19.11.24,3.794
20.11.24,3.798
21.11.24,3.79
22.11.24,3.787
25.11.24,3.773
26.11.24,3.763
27.11.24,3.752
28.11.24,3.744
29.11.24,3.759
02.12.24,3.755
03.12.24,3.736
04.12.24,3.738
05.12.24,3.724
06.12.24,3.716
09.12.24,n.d.
10.12.24,3.71
11.12.24,3.726
12.12.24,3.737
13.12.24,3.728
16.12.24,3.736
17.12.24,3.738
18.12.24,3.733
19.12.24,3.718
20.12.24,3.729
23.12.24,3.723
24.12.24,3.73
25.12.24,n.d.
26.12.24,3.74
27.12.24,3.747
30.12.24,3.757
31.12.24,n.d.
01.01.25,n.d.
02.01.25,3.753
03.01.25,3.767
06.01.25,3.76
07.01.25,3.776
08.01.25,3.774
09.01.25,3.762
10.01.25,3.771
13.01.25,3.78
14.01.25,3.772
15.01.25,3.763
16.01.25,3.757
17.01.25,3.741
20.01.25,3.733
21.01.25,3.729
22.01.25,3.719
23.01.25,3.716
24.01.25,3.719
27.01.25,3.743
28.01.25,3.734
29.01.25,3.714
30.01.25,3.72
31.01.25,3.727
03.02.25,3.705
04.02.25,3.711
05.02.25,3.716
06.02.25,3.716
07.02.25,3.717
10.02.25,3.71
11.02.25,3.711
12.02.25,3.715
13.02.25,3.715
14.02.25,3.699
17.02.25,3.692
18.02.25,3.683
19.02.25,3.691
20.02.25,3.672
21.02.25,3.685
24.02.25,3.683
25.02.25,3.678
26.02.25,3.661
27.02.25,3.674
28.02.25,3.69
03.03.25,3.69
04.03.25,3.669
05.03.25,3.65
06.03.25,3.653
07.03.25,3.653
10.03.25,3.669
11.03.25,3.662
12.03.25,3.661
13.03.25,3.668
14.03.25,3.656
17.03.25,3.641
18.03.25,3.624
19.03.25,3.619
20.03.25,3.624
21.03.25,3.633
24.03.25,3.648
25.03.25,3.632
26.03.25,3.637
27.03.25,3.639
28.03.25,3.657
31.03.25,3.676
01.04.25,3.674
02.04.25,3.67
03.04.25,3.667
04.04.25,3.68
07.04.25,3.718
08.04.25,3.745
09.04.25,3.696
10.04.25,3.73
11.04.25,3.73
14.04.25,3.738
15.04.25,3.741
16.04.25,3.727
17.04.25,n.d.
18.04.25,n.d.
21.04.25,3.707
22.04.25,3.697
23.04.25,3.689
24.04.25,3.671
25.04.25,3.669
28.04.25,3.668
29.04.25,3.666
30.04.25,3.661
01.05.25,n.d.
02.05.25,3.649
05.05.25,3.664
06.05.25,3.653
07.05.25,3.644
08.05.25,3.632
09.05.25,3.652
12.05.25,3.658
13.05.25,3.666
14.05.25,3.673
15.05.25,3.686
16.05.25,3.686
19.05.25,3.69
20.05.25,3.686
21.05.25,3.675
22.05.25,3.658
23.05.25,3.661
26.05.25,3.657
27.05.25,3.639
28.05.25,3.64
29.05.25,3.622
30.05.25,3.618
02.06.25,3.62
03.06.25,3.622
04.06.25,3.616
05.06.25,3.626
06.06.25,3.65
09.06.25,3.633
10.06.25,3.634
11.06.25,3.622
12.06.25,3.608
13.06.25,3.619
16.06.25,3.605
17.06.25,3.61
18.06.25,3.578
19.06.25,3.59
20.06.25,3.6
23.06.25,3.59
24.06.25,3.578
25.06.25,3.571
26.06.25,3.548
27.06.25,3.549
30.06.25,3.541
01.07.25,3.56
02.07.25,3.549
03.07.25,3.544
04.07.25,3.547
07.07.25,3.563
08.07.25,3.545
09.07.25,3.549
10.07.25,3.545
11.07.25,3.554
14.07.25,3.566
15.07.25,3.559
16.07.25,3.548
17.07.25,3.558
18.07.25,3.565
21.07.25,3.559
22.07.25,3.554
23.07.25,n.d.
24.07.25,3.541
25.07.25,3.544
28.07.25,n.d.
29.07.25,n.d.
30.07.25,3.568
31.07.25,3.591
01.08.25,3.581
04.08.25,3.563
05.08.25,3.555
06.08.25,n.d.
07.08.25,3.538
08.08.25,3.521
11.08.25,3.532
12.08.25,3.528
13.08.25,3.539
14.08.25,3.566
15.08.25,3.558
18.08.25,3.541
19.08.25,3.528
20.08.25,3.52
21.08.25,3.537
22.08.25,3.517
25.08.25,3.532
26.08.25,3.548
27.08.25,3.55
28.08.25,3.538
29.08.25,3.53
01.09.25,3.534
02.09.25,3.537
03.09.25,3.53
04.09.25,3.524
05.09.25,3.52
08.09.25,3.509
09.09.25,3.496
10.09.25,3.478
11.09.25,3.488
12.09.25,3.491
15.09.25,3.489
16.09.25,3.478
17.09.25,3.474
18.09.25,3.483
19.09.25,3.498
22.09.25,3.501
23.09.25,3.499
24.09.25,3.501
25.09.25,3.503
26.09.25,3.492
29.09.25,3.479
30.09.25,3.471
01.10.25,3.475
02.10.25,3.473
03.10.25,3.461
06.10.25,3.459
07.10.25,3.443
08.10.25,n.d.
09.10.25,3.423
10.10.25,3.434
13.10.25,3.424
14.10.25,3.425
15.10.25,3.404
16.10.25,3.385
17.10.25,3.379
20.10.25,3.372
21.10.25,3.39
22.10.25,3.406
23.10.25,3.389
24.10.25,3.383
27.10.25,3.384
28.10.25,3.391
29.10.25,3.391
30.10.25,3.382
31.10.25,3.367
03.11.25,3.376
04.11.25,3.384
05.11.25,3.368
06.11.25,3.373
07.11.25,3.375
10.11.25,3.366
11.11.25,3.365
12.11.25,3.367
13.11.25,3.373
14.11.25,3.363
17.11.25,3.361
18.11.25,3.372
19.11.25,3.379
20.11.25,3.379
21.11.25,3.387
24.11.25,3.383
25.11.25,3.369
26.11.25,3.368
27.11.25,3.365
28.11.25,3.364
01.12.25,3.372
02.12.25,3.367
03.12.25,3.362
04.12.25,3.361
05.12.25,3.363
08.12.25,n.d.
09.12.25,n.d.
10.12.25,3.372
11.12.25,3.369
12.12.25,3.368
15.12.25,3.37
16.12.25,3.369
17.12.25,3.368
18.12.25,3.367
19.12.25,3.367
22.12.25,3.367
23.12.25,3.365
24.12.25,3.364
25.12.25,n.d.
26.12.25,n.d.
29.12.25,3.366
30.12.25,3.363
31.12.25,3.363
01.01.26,n.d.
02.01.26,n.d.
05.01.26,3.362
06.01.26,3.362
07.01.26,3.362
08.01.26,3.362
09.01.26,3.361
